seq,t_ms,ax_g,ay_g,az_g,gx_dps,gy_dps,gz_dps
0,0,-0.38489,-0.03302,0.92438,-0.28201,5.38872,-0.64787
1,11,-0.38684,-0.03448,0.93372,-0.34299,5.35061,-0.93750
2,20,-0.39386,-0.03101,0.94196,-0.40396,5.81555,-1.11280
3,30,-0.41718,-0.02856,0.94012,-1.02896,5.96799,-1.48628
4,40,-0.41345,-0.03589,0.92645,-1.64634,4.02439,-1.60823
5,51,-0.40002,-0.04926,0.92041,-1.73780,1.56250,-1.11280
6,60,-0.38397,-0.05676,0.91632,-1.32622,0.21341,-0.38872
7,70,-0.37683,-0.06085,0.91681,-0.53354,0.07622,0.15244
8,80,-0.37256,-0.04773,0.92377,0.17530,0.67835,0.42683
9,91,-0.37744,-0.03027,0.92297,0.60976,1.57774,0.58689
10,100,-0.37817,-0.01373,0.92102,0.73933,2.73628,0.73933
11,110,-0.37500,-0.03198,0.91833,0.28963,3.58232,0.74695
12,120,-0.38885,-0.03381,0.92462,-0.19817,4.12348,0.25915
13,131,-0.39166,-0.03168,0.91217,-0.60976,3.82622,-0.11433
14,140,-0.37915,-0.06177,0.90277,-0.89177,3.62805,-0.48018
15,150,-0.39459,-0.08368,0.90875,-1.00610,3.30793,-0.40396
16,160,-0.41119,-0.08289,0.91443,-0.74695,2.25610,-0.22866
17,171,-0.41602,-0.07568,0.91687,-0.22104,0.57165,0.20579
18,180,-0.40411,-0.06677,0.91797,0.19055,-1.37957,0.52591
19,190,-0.39880,-0.05048,0.91461,0.60213,-2.78963,0.89177
20,200,-0.38885,-0.04144,0.91479,0.69360,-3.36890,0.83841
21,211,-0.38000,-0.03912,0.91064,0.49543,-3.57470,0.87652
22,220,-0.38873,-0.03955,0.91937,-0.01524,-3.35366,0.50305
23,230,-0.39435,-0.04895,0.91998,-0.24390,-3.53659,0.43445
24,240,-0.38446,-0.05737,0.91058,-0.63262,-4.10061,0.34299
25,250,-0.38165,-0.06073,0.91132,-0.89939,-4.20732,0.14482
26,261,-0.37756,-0.05145,0.91498,-1.18902,-4.48933,0.06860
27,270,-0.38831,-0.06360,0.91339,-1.04421,-4.56555,0.20579
28,280,-0.38361,-0.06317,0.90979,-0.59451,-4.92378,0.64024
29,290,-0.37897,-0.04413,0.90979,-0.38110,-5.00762,0.89939
30,301,-0.38672,-0.06750,0.92017,-0.25152,-4.87805,1.08232
31,310,-0.40076,-0.08673,0.92200,0.70884,-5.00762,1.60823
32,320,-0.39325,-0.05396,0.91193,1.55488,-5.52591,2.27896
33,330,-0.38782,-0.04852,0.92218,1.81402,-5.64024,2.86585
34,341,-0.38855,-0.04877,0.93420,2.47713,-5.64787,3.37652
35,350,-0.39075,-0.05005,0.93414,3.79573,-5.83079,3.71189
36,360,-0.37677,-0.05933,0.93353,4.29878,-6.15854,3.80335
37,370,-0.36426,-0.03937,0.93152,4.29878,-5.50305,3.34604
38,381,-0.36243,-0.01849,0.92987,3.71951,-4.41311,2.88872
39,390,-0.36646,-0.01703,0.93311,3.25457,-3.32317,2.46951
40,400,-0.37213,-0.00433,0.93732,2.79726,-2.50000,2.11128
41,410,-0.36542,-0.00494,0.93329,2.18750,-1.92835,1.89024
42,421,-0.35718,-0.01306,0.94806,1.67683,-0.68598,1.84451
43,430,-0.34509,0.00916,0.93085,1.70732,1.37957,1.63872
44,440,-0.35822,0.00031,0.92059,1.38720,3.44512,1.53963
45,450,-0.35822,0.00031,0.92059,1.38720,3.44512,1.53963
46,461,-0.36395,-0.04083,0.90851,-0.89177,4.55793,0.36585
47,470,-0.35168,-0.04596,0.90405,-1.66159,5.51829,0.16006
48,480,-0.35388,-0.04431,0.89624,-2.65244,7.03506,0.34299
49,490,-0.35388,-0.04431,0.89624,-2.65244,7.03506,0.34299
50,500,-0.36157,-0.03998,0.90637,-3.07165,8.26220,0.73933
51,511,-0.38055,-0.03052,0.93079,-0.62500,8.07165,1.98933
52,520,-0.38055,-0.03052,0.93079,-0.62500,8.07165,1.98933
53,530,-0.37842,-0.02557,0.92468,-0.56402,7.26372,1.59299
54,540,-0.38104,-0.02509,0.93323,-1.08994,6.71494,0.67835
55,551,-0.38831,-0.03418,0.93616,-1.68445,5.99085,-0.46494
56,560,-0.38293,-0.03296,0.92682,-2.04268,5.58689,-1.44055
57,570,-0.37573,-0.03149,0.93439,-2.14939,6.16616,-2.16463
58,580,-0.37134,-0.02393,0.93359,-2.05030,7.36280,-2.66768
59,591,-0.37494,-0.01508,0.93176,-2.05030,8.71189,-3.39177
60,600,-0.37952,-0.02509,0.93610,-1.90549,10.04573,-3.99390
61,610,-0.39026,-0.03912,0.93646,-1.43293,11.57774,-4.61128
62,620,-0.39697,-0.04370,0.93127,-1.02134,12.71342,-5.54116
63,631,-0.38428,-0.03357,0.93231,-0.31250,13.89482,-6.79116
64,640,-0.36890,-0.03619,0.93842,0.31250,16.54726,-8.30793
65,650,-0.36200,-0.03308,0.93744,0.29726,21.16616,-9.41311
66,660,-0.36823,-0.03247,0.93451,0.04573,26.82927,-9.93140
67,671,-0.37335,-0.03339,0.93854,0.41159,32.14177,-10.46494
68,680,-0.35095,-0.06580,0.95068,0.70122,39.44360,-10.40396
69,690,-0.33057,-0.08044,0.96484,4.42835,50.35061,-10.57927
70,700,-0.35309,-0.05286,0.94916,7.94970,62.95732,-10.58689
71,711,-0.37561,-0.06757,0.95587,9.68750,75.24390,-10.22866
72,720,-0.38025,-0.07324,0.95844,10.46494,86.49390,-8.61281
73,730,-0.40265,-0.06946,0.95734,13.35366,99.11585,-6.46341
74,740,-0.41302,-0.04626,0.95496,17.05030,112.19512,-4.93902
75,750,-0.42432,-0.05005,0.94031,18.69665,125.77744,-4.20732
76,761,-0.44012,-0.04572,0.92950,18.65092,139.74086,-4.03201
77,770,-0.46582,-0.04358,0.92029,17.51524,154.46646,-4.12348
78,780,-0.48871,-0.04242,0.89911,16.01372,169.30641,-5.29726
79,790,-0.49713,-0.03546,0.86597,13.84909,184.79420,-6.72256
80,801,-0.51721,-0.02570,0.84027,7.88110,201.21951,-9.45122
81,810,-0.54126,-0.02417,0.80151,-1.55488,217.80489,-15.47256
82,820,-0.53033,-0.00702,0.79761,-13.76524,237.50763,-24.98476
83,830,-0.56226,0.01508,0.77356,-22.97256,249.74847,-35.54116
84,841,-0.64996,0.02509,0.77515,-23.39939,249.74847,-44.29878
85,850,-0.79218,0.02698,0.82672,-20.28201,249.50458,-50.58689
86,860,-1.14136,0.09216,1.01190,-22.27896,249.74847,-54.67988
87,870,-1.51276,0.15796,1.23529,-34.96189,249.74847,-60.12957
88,881,-1.74799,0.04962,1.27325,-33.23933,249.74847,-61.98171
89,890,-1.46887,-0.02551,1.24396,-7.80488,249.74847,-58.09451
90,900,-1.32452,0.07635,1.26569,24.12348,249.74847,-51.63872
91,910,-1.39911,0.10822,1.24188,47.40854,249.74847,-47.90396
92,921,-1.58392,0.18256,1.31671,64.48933,249.74847,-46.15854
93,930,-1.78595,0.06335,1.69086,76.64635,249.74847,-50.58689
94,940,-1.54187,0.15143,1.58313,65.79269,249.74847,-68.76524
95,950,-0.98663,0.31146,1.49493,57.24848,249.74847,-84.00915
96,961,-0.32410,0.30524,1.59735,63.30031,242.16464,-87.37043
97,970,-0.00232,0.38837,1.37085,65.09909,218.18597,-89.37500
98,980,-1.35095,0.31860,1.49573,48.52896,182.40854,-102.86585
99,990,-1.93457,0.70935,1.99994,32.37805,91.82165,-97.17226
100,1000,-0.84686,0.88062,1.95850,30.09146,-49.79421,-64.37500
101,1011,-0.10901,0.71442,1.37793,-5.13720,-125.92988,-43.81860
102,1020,0.25629,0.43695,0.78839,-30.79268,-142.23323,-33.48323
103,1030,0.33691,0.22223,0.57770,-36.34909,-133.91006,-24.17683
104,1040,0.19348,0.12054,0.60266,-22.83537,-123.85671,-10.95274
105,1051,0.03711,0.14227,0.69666,-2.94970,-125.48019,4.72561
106,1060,-0.08655,0.22626,0.79858,10.51829,-136.98933,19.87805
107,1070,-0.20239,0.30396,0.89221,10.13720,-154.20732,33.36128
108,1080,-0.27875,0.31183,0.94922,-2.75915,-175.70122,45.54116
109,1091,-0.33655,0.21552,0.95300,-19.00152,-199.47409,57.12653
110,1100,-0.36273,0.07373,0.88739,-28.58994,-222.94208,67.79726
111,1110,-0.35278,-0.06482,0.76886,-27.37043,-241.90549,76.68446
112,1120,-0.35278,-0.16022,0.67590,-18.38415,-249.75610,82.43903
113,1131,-0.40161,-0.21588,0.66895,-7.40854,-249.75610,83.91006
114,1140,-0.47864,-0.25391,0.71930,1.37957,-249.59604,80.44208
115,1150,-0.59772,-0.28613,0.82861,7.65244,-249.75610,73.47561
116,1160,-0.76697,-0.32849,0.97864,14.37500,-249.75610,65.03049
117,1171,-0.90784,-0.35754,1.06244,22.73628,-249.75610,55.67073
118,1180,-0.97900,-0.33905,1.05798,31.45579,-249.75610,45.87653
119,1190,-0.99438,-0.28125,1.01086,37.85823,-249.75610,36.76067
120,1200,-0.97327,-0.19818,0.97260,40.19817,-249.75610,30.33537
121,1211,-0.95795,-0.13574,0.97510,39.13872,-249.75610,27.12653
122,1220,-0.96613,-0.09802,1.00989,38.39939,-249.75610,27.09604
123,1230,-0.98132,-0.06372,1.05603,41.24238,-249.75610,29.56555
124,1240,-1.03949,0.00885,1.12732,47.14177,-249.75610,33.68903
125,1250,-1.13342,0.14215,1.20856,51.50153,-249.75610,38.96342
126,1261,-1.25452,0.28705,1.30737,51.09756,-249.75610,46.47866
127,1270,-1.39868,0.42157,1.39337,47.91921,-249.75610,57.75153
128,1280,-1.56726,0.59009,1.42285,43.40701,-249.75610,74.67988
129,1290,-1.79657,0.75244,1.40222,35.16768,-249.75610,99.01677
130,1301,-2.00000,0.77527,1.32190,22.84299,-249.75610,130.75458
131,1310,-2.00000,0.58972,1.12140,13.19360,-249.75610,164.82469
132,1320,-1.99634,0.29590,0.88849,12.03506,-249.75610,195.45732
133,1330,-1.99982,0.07202,0.66089,14.26829,-249.75610,218.70427
134,1341,-2.00000,-0.12006,0.36298,6.84451,-247.85062,230.32013
135,1350,-1.99994,-0.37415,0.01984,-10.03811,-229.59604,224.77135
136,1360,-2.00000,-0.70642,-0.33899,-25.31250,-196.38721,200.02287
137,1370,-2.00000,-0.98309,-0.69830,-27.65244,-161.02135,158.94055
138,1381,-2.00000,-0.98505,-1.31982,-21.90549,-136.89787,98.03354
139,1390,-2.00000,-1.06262,-1.81525,-9.97713,-95.12958,31.60823
140,1400,-2.00000,-0.92914,-1.66931,15.25915,-27.48476,-18.18598
141,1410,-1.72736,-0.15930,-1.15265,28.01067,39.07012,-51.44055
142,1421,-1.12860,0.62140,-0.75421,-54.11586,137.38568,-78.66616
143,1430,-0.53241,-0.49402,0.65479,-127.01982,185.63263,-84.66463
144,1440,-0.31757,-0.20526,1.99994,-54.19970,166.15854,-43.25457
145,1450,0.63727,0.65527,1.10400,-18.81098,112.41616,-1.83689
146,1461,0.29218,-0.15552,-0.22089,-50.64787,176.63872,-26.41006
147,1470,-1.56354,-0.60419,1.47723,-32.48476,249.74847,-5.83841
148,1480,-1.97656,-0.45502,1.99994,-0.84604,216.49391,19.68750
149,1490,-0.93579,-0.83429,1.46729,-8.51372,145.44208,-13.75762
150,1500,-0.43091,-0.34912,1.02216,5.02287,130.72409,-30.98323
151,1511,-0.83728,0.55743,1.43451,4.19970,126.57012,-30.13720
152,1520,-1.15106,0.70386,1.44678,-22.75153,98.08689,-26.76067
153,1530,-0.96936,0.23035,1.33411,-32.74390,65.85366,-12.28659
154,1540,-0.53735,-0.20081,1.13068,-35.23628,44.13110,-12.74390
155,1551,-0.60181,0.11993,1.13770,-29.39025,33.13262,-12.88110
156,1560,-0.48309,0.01642,0.99762,-18.83384,22.40092,-5.67073
157,1570,-0.38440,-0.05939,0.98035,-14.41311,18.95579,-4.40549
158,1580,-0.44745,0.01593,0.98651,-11.99695,17.17226,-4.03201
159,1591,-0.43872,-0.07391,0.99854,-6.64634,14.34451,-1.39482
160,1600,-0.39984,-0.04926,0.97766,-2.05793,12.11128,0.41159
161,1610,-0.40344,-0.03925,0.96130,1.20427,11.21951,1.13567
162,1620,-0.39026,-0.06470,0.95514,3.39939,10.80031,1.60823
163,1631,-0.36761,-0.02179,0.93683,3.65091,10.89177,1.82165
164,1640,-0.38489,-0.01208,0.93542,3.58232,11.88262,1.31860
165,1650,-0.38629,0.00372,0.92157,2.67530,11.90549,0.15244
166,1660,-0.38171,0.00836,0.92377,1.31098,11.26524,-1.19665
167,1671,-0.39514,-0.00757,0.92725,0.27439,10.73933,-2.30945
168,1680,-0.39923,-0.02588,0.92615,-0.69360,9.94665,-2.73628
169,1690,-0.40045,-0.03278,0.93030,-1.63872,9.50457,-2.71341
170,1700,-0.39844,-0.03210,0.92932,-2.29421,9.39024,-2.64482
171,1711,-0.39581,-0.03168,0.92847,-2.67530,9.30640,-2.79726
172,1720,-0.39630,-0.02979,0.92560,-2.82774,9.11585,-2.90396
173,1730,-0.38995,-0.01947,0.92419,-3.06402,9.15396,-3.13262
174,1740,-0.39337,-0.02411,0.92615,-2.83537,10.03049,-3.71189
175,1750,-0.40594,-0.02728,0.92163,-2.72104,10.32774,-4.43598
176,1761,-0.39905,-0.02344,0.92059,-2.77439,10.13720,-4.77134
177,1770,-0.40137,-0.02454,0.91980,-2.47713,10.69360,-5.00762
178,1780,-0.40637,-0.02533,0.91876,-1.59299,11.59299,-5.28201
179,1790,-0.40637,-0.02533,0.91876,-1.59299,11.59299,-5.28201
180,1801,-0.39069,-0.02618,0.91663,0.38110,14.83232,-6.18902
181,1810,-0.40759,-0.02820,0.91449,1.08232,17.20274,-6.41768
182,1820,-0.40759,-0.02820,0.91449,1.08232,17.20274,-6.41768
183,1830,-0.39880,-0.03101,0.91779,1.59299,18.91768,-6.74543
184,1841,-0.40265,-0.03162,0.91577,1.83689,25.94512,-5.99848
185,1850,-0.40265,-0.03162,0.91577,1.83689,25.94512,-5.99848
186,1860,-0.40839,-0.03412,0.91357,2.91159,29.21494,-5.55640
187,1870,-0.39490,-0.03107,0.91809,4.55030,32.93445,-5.12957
188,1881,-0.40552,-0.02954,0.91943,8.25457,44.20732,-4.73323
189,1890,-0.40552,-0.02954,0.91943,8.25457,44.20732,-4.73323
190,1900,-0.40961,-0.03284,0.91925,9.45884,50.44207,-4.55793
191,1910,-0.41425,-0.02637,0.91467,10.75457,57.33994,-4.36738
192,1921,-0.42419,-0.02637,0.91046,12.37805,64.45884,-4.39787
193,1930,-0.43481,-0.03522,0.90723,13.94817,71.57774,-4.27591
194,1940,-0.44128,-0.03009,0.90869,15.85366,78.71189,-3.93293
195,1950,-0.44684,-0.03119,0.90100,17.01982,86.73019,-3.44512
196,1961,-0.45874,-0.03497,0.89526,17.96494,96.26524,-2.40854
197,1970,-0.46320,-0.02698,0.89716,19.26067,106.74543,-1.36433
198,1980,-0.47058,-0.02502,0.89264,20.43445,118.81098,-0.62500
199,1990,-0.48865,-0.03387,0.87915,21.37195,132.27896,-0.00762
200,2000,-0.51056,-0.03400,0.85785,21.29573,145.92226,0.18293
201,2011,-0.53156,-0.05066,0.83124,19.42835,160.12958,0.89939
202,2020,-0.55121,-0.04980,0.82385,16.79116,175.68597,2.97256
203,2030,-0.53595,-0.02838,0.82526,14.07012,193.42989,4.45122
204,2040,-0.50726,0.01501,0.85455,9.03963,217.00458,1.16616
205,2051,-0.49268,0.06824,0.88892,6.93598,243.47562,-8.34604
206,2060,-0.51733,0.12830,0.90491,7.15701,249.74847,-20.50305
207,2070,-0.62817,0.16492,0.90814,5.26677,249.65701,-33.78049
208,2080,-0.95459,0.23328,0.92749,6.18902,249.56555,-47.86586
209,2091,-1.58649,0.29742,1.25543,4.69512,249.74847,-61.86738
210,2100,-2.00000,0.12109,1.55548,20.67073,249.74847,-59.66463
211,2110,-1.91718,0.07129,1.49866,57.61433,249.74847,-45.89177
212,2120,-1.70184,0.19849,1.54773,91.24238,249.74847,-32.86586
213,2131,-1.72498,0.23810,1.61273,128.49086,249.74847,-21.00610
214,2140,-1.87738,0.15851,1.85657,142.16464,249.74847,-26.59299
215,2150,-2.00000,0.50238,1.99994,136.67683,249.74847,-48.81860
216,2160,-1.52795,0.32922,1.99933,112.82774,249.74847,-81.51677
217,2171,-0.40814,0.31616,1.99713,78.55183,240.54117,-114.35976
218,2180,-0.07416,0.42957,1.78217,55.51067,193.01068,-133.63568
219,2190,-1.44086,0.28625,1.77350,50.18293,133.65092,-152.88110
220,2200,-1.63947,0.38141,1.99994,73.51372,6.37957,-146.77592
221,2211,-0.28217,0.59833,1.84259,85.59451,-132.70580,-124.22256
222,2220,0.35455,0.73297,1.12830,68.16311,-175.25153,-108.78811
223,2230,0.44360,0.65649,0.69836,41.89024,-170.79269,-96.20427
224,2240,0.44519,0.59418,0.55603,15.00000,-154.39787,-79.71037
225,2250,0.34955,0.50226,0.55908,2.30945,-139.39787,-54.14634
226,2261,0.11780,0.38293,0.70160,6.89024,-136.21190,-19.83994
227,2270,-0.09344,0.36188,0.84216,23.25457,-149.73323,19.39024
228,2280,-0.16675,0.41052,0.89307,33.78049,-174.13872,55.30488
229,2290,-0.20135,0.39301,0.88403,27.54573,-199.03201,82.66006
230,2301,-0.22986,0.28156,0.83472,8.72713,-220.14482,101.06708
231,2310,-0.27466,0.09991,0.78052,-9.97713,-236.54726,111.87500
232,2320,-0.35822,-0.08240,0.75244,-19.74085,-248.45274,116.53201
233,2330,-0.44958,-0.27325,0.75647,-18.22408,-249.75610,115.40397
234,2341,-0.54132,-0.43439,0.79498,-5.52591,-249.64177,107.69055
235,2350,-0.60651,-0.51367,0.83215,13.53659,-249.70274,94.01677
236,2360,-0.67700,-0.54492,0.88794,31.87500,-249.75610,76.12043
237,2370,-0.80377,-0.56561,0.96301,47.01220,-249.75610,55.53354
238,2381,-0.93402,-0.55853,1.03284,59.48933,-249.75610,33.91006
239,2390,-1.02069,-0.52087,1.08746,69.91616,-249.75610,13.24695
240,2400,-1.08252,-0.44592,1.12274,78.97104,-249.75610,-4.43598
241,2410,-1.15497,-0.31500,1.15356,86.50153,-249.75610,-16.49390
242,2421,-1.24957,-0.11029,1.20099,89.69512,-249.75610,-21.68445
243,2430,-1.34857,0.13788,1.25275,85.44208,-249.75610,-18.62805
244,2440,-1.43262,0.37787,1.28699,74.38262,-249.75610,-6.07470
245,2450,-1.54669,0.66150,1.33508,57.89634,-249.75610,15.35061
246,2461,-1.74237,0.98999,1.38458,34.35976,-249.75610,48.58994
247,2470,-1.98895,1.03387,1.39032,10.83842,-249.75610,98.91769
248,2480,-2.00000,0.85071,1.30396,2.42378,-249.75610,156.25000
249,2490,-1.99640,0.61707,1.08234,10.32774,-249.75610,209.19208
250,2500,-1.99927,0.31555,0.81287,19.76372,-249.75610,247.36281
251,2511,-2.00000,0.01135,0.52698,22.14177,-249.75610,249.74847
252,2520,-1.99994,-0.30408,0.21344,13.02592,-249.51982,249.29878
253,2530,-2.00000,-0.66028,-0.13049,-5.89939,-234.19971,249.63416
254,2540,-2.00000,-0.97028,-0.51575,-29.54268,-192.25610,247.40854
255,2551,-2.00000,-1.26611,-0.96832,-47.17988,-150.23628,207.79726
256,2560,-2.00000,-1.44989,-1.79065,-53.72713,-129.93903,122.42378
257,2570,-2.00000,-1.80469,-2.00000,-31.75305,-82.17988,27.35518
258,2580,-2.00000,-1.41406,-1.87134,20.90701,-0.02287,-49.32927
259,2591,-1.82892,-0.39691,-0.94635,42.82012,71.84451,-104.45885
260,2600,-0.44458,1.04218,0.60065,-41.16616,146.26524,-135.87653
261,2610,0.00690,-0.13757,1.99994,-144.19208,179.41312,-139.20732
262,2620,-0.04034,-0.02081,1.55865,-66.23476,109.35213,-93.58994
263,2631,0.41583,0.96283,0.01355,-19.23018,96.08994,-38.17836
264,2640,0.66620,0.19635,-0.13165,-32.52287,182.72104,-24.78659
265,2650,-1.04749,-0.11548,1.46155,-23.38415,249.74847,-7.27134
266,2660,-2.00000,-0.26801,1.99994,-18.53659,238.45274,8.46799
267,2671,-1.29993,-0.78546,1.71735,-32.79726,180.19818,-13.72713
268,2680,-0.96075,-0.48883,1.46765,-21.05945,146.89787,-30.95275
269,2690,-1.53210,0.75580,1.82703,-32.55336,111.82927,-35.11433
270,2700,-0.91742,0.63013,1.19806,-52.53049,64.26830,-24.74085
271,2711,-0.50439,-0.66821,1.21277,-37.24086,51.97409,-7.56098
272,2720,-0.72717,-0.14709,1.26697,-27.72104,34.16159,-13.21646
273,2730,-0.41193,0.48157,0.85071,-20.77744,16.45579,-10.21342
274,2740,-0.38971,-0.09717,0.99725,-17.30945,18.50610,-4.11585
275,2750,-0.47913,-0.08948,1.00537,-15.24390,15.06860,-5.67835
276,2761,-0.43207,0.03259,0.96887,-11.58537,11.07470,-4.07012
277,2770,-0.42188,-0.11774,0.98901,-7.83537,9.30640,-1.14329
278,2780,-0.41992,-0.01904,0.95874,-6.70732,6.86738,-0.40396
279,2790,-0.37885,-0.03796,0.94189,-5.46494,5.23628,0.44207
280,2801,-0.37463,-0.04437,0.94177,-4.93140,5.22104,0.57927
281,2810,-0.37280,-0.02747,0.93707,-4.27591,6.10518,0.78506
282,2820,-0.36981,-0.01538,0.93341,-3.45274,7.12652,0.77744
283,2830,-0.36725,-0.00720,0.92963,-2.66006,8.27744,0.39634
284,2841,-0.37872,-0.00330,0.92957,-1.84451,9.36738,-0.25152
285,2850,-0.38922,-0.02307,0.93463,-1.31098,9.55031,-0.80793
286,2860,-0.39337,-0.02893,0.93225,-1.27287,9.26829,-1.17378
287,2870,-0.39569,-0.02863,0.92780,-1.17378,8.91768,-1.38720
288,2881,-0.39191,-0.02692,0.92212,-1.21951,8.58994,-1.52439
289,2890,-0.39111,-0.02710,0.92212,-1.05945,8.06402,-1.71494
290,2900,-0.39075,-0.03729,0.92859,-0.76220,7.64482,-1.58537
291,2910,-0.39752,-0.03943,0.92682,-0.35823,7.82012,-1.22713
292,2921,-0.39050,-0.03473,0.92743,-0.41159,8.33079,-1.19665
293,2930,-0.38959,-0.02960,0.92517,-0.52591,8.99390,-1.38720
294,2940,-0.39148,-0.02631,0.92456,-0.54878,9.51982,-1.58537
295,2950,-0.38806,-0.02405,0.92358,-0.53354,9.87043,-2.04268
296,2961,-0.38593,-0.02826,0.92737,-0.34299,10.83842,-2.61433
297,2970,-0.38763,-0.02478,0.92657,-0.14482,12.33994,-3.49085
298,2980,-0.38477,-0.03473,0.92896,0.00762,14.32165,-4.27591
299,2990,-0.38818,-0.03149,0.92786,-0.12195,16.99695,-4.60366
300,3000,-0.40277,-0.03644,0.92072,0.08384,19.30640,-4.67226
301,3011,-0.40344,-0.04242,0.91876,0.75457,20.76220,-4.71037
302,3020,-0.40332,-0.04633,0.93085,2.03506,22.83537,-4.35976
303,3030,-0.38080,-0.03912,0.92194,3.95579,26.52439,-3.78049
304,3040,-0.40564,-0.04291,0.91748,5.19055,32.73628,-2.82774
305,3051,-0.39850,-0.03717,0.92120,6.83689,36.84451,-1.89787
306,3060,-0.40143,-0.03992,0.91791,8.86433,41.92836,-1.08994
307,3070,-0.40723,-0.03564,0.91296,10.92988,47.56860,-0.33537
308,3080,-0.40906,-0.03687,0.91577,12.66768,53.03354,0.40396
309,3091,-0.41382,-0.03546,0.91376,14.64939,59.19207,1.25000
310,3100,-0.42596,-0.03143,0.90894,17.21037,65.75458,2.11890
311,3110,-0.43585,-0.03381,0.90442,19.71037,72.25610,2.80488
312,3120,-0.44910,-0.02734,0.90198,21.78354,79.45885,3.25457
313,3131,-0.45697,-0.01459,0.90118,23.06403,86.67683,3.50610
314,3140,-0.46259,-0.01068,0.89160,23.42988,94.13110,3.30793
315,3150,-0.46826,-0.00854,0.88782,24.31403,102.64482,2.65244
316,3160,-0.46826,-0.00854,0.88782,24.31403,102.64482,2.65244
317,3171,-0.49835,-0.02063,0.85992,25.04573,121.88262,1.73018
318,3180,-0.51178,-0.01740,0.84985,24.22256,132.70580,2.09604
319,3190,-0.51178,-0.01740,0.84985,24.22256,132.70580,2.09604
320,3200,-0.50842,-0.00647,0.84338,23.17073,145.49544,2.18750
321,3211,-0.51019,0.03461,0.85968,21.44055,181.41769,-1.66921
322,3220,-0.51019,0.03461,0.85968,21.44055,181.41769,-1.66921
323,3230,-0.50861,0.04041,0.87158,18.71189,206.37196,-6.56250
324,3240,-0.51068,0.06647,0.87360,16.54726,235.28201,-13.70427
325,3250,-0.56390,0.08691,0.88354,17.46951,249.74847,-22.07317
326,3261,-0.66840,0.12585,0.86945,19.32165,249.74847,-29.77896
327,3270,-0.91931,0.11572,0.87921,25.19055,249.41312,-34.58080
328,3280,-1.38104,0.09479,1.17480,35.58689,249.74847,-31.66921
329,3290,-1.86768,0.03522,1.46564,46.33384,249.74847,-20.51067
330,3301,-1.61121,0.01764,1.27954,68.60519,249.74847,-4.45884
331,3310,-1.31793,0.11450,1.22662,99.83994,249.74847,10.25915
332,3320,-1.31573,0.15399,1.24017,124.96189,249.74847,15.17531
333,3330,-1.51636,0.17444,1.55249,136.57013,249.74847,6.85976
334,3341,-1.98309,0.40430,1.65601,142.09604,249.74847,-7.24085
335,3350,-1.90222,0.33612,1.38312,144.28354,249.74847,-25.83079
336,3360,-1.36230,0.34662,1.90125,135.70122,249.74847,-55.41159
337,3370,-0.88727,0.57465,1.99994,98.49848,230.62500,-90.00000
338,3381,-0.11609,0.51239,1.84937,52.94970,150.44969,-117.17988
339,3390,-1.33270,0.20752,1.82562,35.61738,69.29878,-139.58080
340,3400,-1.47137,0.29138,1.99994,43.91768,-50.89939,-139.52744
341,3410,0.04956,0.44220,1.67468,49.54268,-167.05031,-131.80641
342,3421,0.50208,0.51129,0.92078,30.46494,-187.33995,-134.61128
343,3430,0.37933,0.46149,0.72784,8.11738,-171.98170,-136.12044
344,3440,0.29840,0.51093,0.70380,-14.22256,-158.83385,-126.98171
345,3450,0.22223,0.54486,0.74036,-30.23628,-152.71342,-105.40397
346,3461,0.05695,0.47510,0.84521,-36.39482,-157.21799,-73.57470
347,3470,-0.08240,0.41370,0.92151,-27.74390,-172.40092,-33.29268
348,3480,-0.18939,0.41412,0.94598,-12.23323,-195.09146,10.00762
349,3490,-0.24536,0.43555,0.90131,-3.88720,-220.19818,49.09299
350,3500,-0.25903,0.40796,0.81573,-10.10671,-240.86128,79.39787
351,3511,-0.31085,0.27191,0.76099,-24.84756,-249.75610,100.14482
352,3520,-0.40314,0.10303,0.73810,-38.27744,-249.75610,112.44665
353,3530,-0.46631,-0.06128,0.72736,-45.62500,-249.57318,116.83689
354,3540,-0.51398,-0.28387,0.74695,-42.99543,-249.75610,113.32317
355,3551,-0.58795,-0.47662,0.81104,-26.86738,-249.75610,102.19512
356,3560,-0.67261,-0.55682,0.91156,-2.28659,-249.75610,84.75610
357,3570,-0.79388,-0.58905,1.03558,21.47866,-249.75610,61.86738
358,3580,-0.94922,-0.57904,1.14221,40.22104,-249.75610,34.62653
359,3591,-1.07166,-0.48816,1.20258,52.09604,-249.75610,5.35823
360,3600,-1.12585,-0.33997,1.21533,56.13567,-249.75610,-20.38110
361,3610,-1.17023,-0.20087,1.23279,55.67836,-249.75610,-37.26372
362,3620,-1.24780,-0.04175,1.27100,54.87805,-249.75610,-43.94055
363,3631,-1.35052,0.14673,1.31079,54.23780,-249.75610,-40.86890
364,3640,-1.47797,0.36981,1.32330,50.91463,-249.75610,-28.31555
365,3650,-1.64709,0.62915,1.32422,42.44665,-249.75610,-7.93445
366,3660,-1.84125,0.91785,1.32104,25.57927,-249.75610,21.49390
367,3671,-2.00000,1.00073,1.27539,5.38110,-249.75610,62.49238
368,3680,-2.00000,0.83472,1.15118,-2.32470,-249.75610,109.83232
369,3690,-1.99695,0.57269,0.92700,9.74085,-249.75610,158.58994
370,3700,-1.99994,0.28699,0.62463,25.92988,-249.75610,201.34146
371,3711,-2.00000,0.00867,0.31464,29.46646,-249.75610,230.34299
372,3720,-1.99994,-0.22632,0.00153,9.81707,-237.73628,241.10519
373,3730,-2.00000,-0.53955,-0.35132,-27.51525,-204.08537,229.45122
374,3740,-2.00000,-1.03992,-0.75311,-60.50305,-162.10367,197.00458
375,3750,-2.00000,-1.34967,-1.18286,-65.23628,-126.05183,148.08690
376,3761,-2.00000,-1.42078,-1.76392,-47.98018,-98.99390,77.18750
377,3770,-2.00000,-1.41534,-1.99756,-12.37805,-49.86280,2.20274
378,3780,-2.00000,-0.96625,-1.57330,28.38415,18.35366,-55.58689
379,3790,-1.30426,0.02045,-0.65240,37.06555,83.49085,-92.27135
380,3801,-0.32257,0.17114,1.24860,-34.50457,166.89024,-93.60519
381,3810,0.17609,-0.69843,1.99994,-18.57470,144.02440,-64.68750
382,3820,0.16772,0.60602,1.39752,31.18903,77.15701,-31.02134
383,3830,0.81335,0.50311,-0.58167,-2.72866,93.13262,-45.97561
384,3841,0.07452,0.04144,0.21008,-12.89634,214.86281,-47.40092
385,3850,-1.57520,0.31976,1.95123,10.83842,249.74847,-9.06250
386,3860,-1.75134,-0.00317,1.99994,-2.59909,201.45580,-2.19512
387,3870,-1.02954,-0.47400,1.42804,-14.57317,152.15701,-18.04878
388,3881,-0.99438,-0.02606,1.54700,-8.46037,129.55031,-23.69665
389,3890,-1.20953,0.48413,1.65216,-19.10823,95.03049,-23.67378
390,3900,-0.77875,0.31494,1.15375,-29.49695,60.80031,-15.52592
391,3910,-0.58521,-0.23755,1.19464,-24.86281,49.31403,-7.72104
392,3921,-0.59076,0.05072,1.09906,-26.92073,34.38262,-12.60671
393,3930,-0.51697,0.14386,1.01410,-22.32470,21.61585,-9.07774
394,3940,-0.41241,-0.10345,0.98627,-16.85976,15.86128,-5.83079
395,3950,-0.40222,-0.00128,0.96136,-14.99238,13.65092,-5.89939
396,3961,-0.42273,-0.03662,0.96686,-11.78354,12.69817,-3.30030
397,3970,-0.41687,-0.07196,0.95819,-10.07622,11.18902,-1.70732
398,3980,-0.40326,-0.02118,0.94385,-10.06098,9.29116,-0.78506
399,3990,-0.39734,-0.02759,0.94354,-9.64177,7.51524,-0.15244
400,4000,-0.38977,-0.04077,0.93817,-9.11585,5.86890,0.19055
401,4011,-0.38226,-0.02972,0.94098,-8.60518,4.79421,0.41159
402,4020,-0.37903,-0.01801,0.94366,-8.15549,4.07774,0.48018
403,4030,-0.38873,-0.02289,0.93732,-7.67530,3.81098,-0.08384
404,4040,-0.38733,-0.02167,0.93390,-7.16463,3.20122,-0.84604
405,4051,-0.38251,-0.02753,0.93024,-6.38720,2.52287,-1.34909
406,4060,-0.37494,-0.02112,0.92706,-5.89177,2.03506,-2.01220
407,4070,-0.37213,-0.02972,0.92657,-5.56402,2.05030,-2.54573
408,4080,-0.36987,-0.02490,0.92358,-5.51067,2.54573,-3.33841
409,4091,-0.36798,-0.03351,0.92993,-5.24390,2.98018,-4.28354
410,4100,-0.37207,-0.03229,0.92993,-4.76372,3.64329,-5.17530
411,4110,-0.37238,-0.02924,0.92865,-3.74238,4.93902,-5.51829
412,4120,-0.36810,-0.03119,0.93213,-2.91921,6.60823,-5.80793
413,4131,-0.36517,-0.02771,0.93604,-2.46189,8.29268,-5.86128
414,4140,-0.37335,-0.03119,0.93500,-1.94360,10.03811,-6.04421
415,4150,-0.38519,-0.03186,0.93372,-1.57774,11.55488,-6.50152
416,4160,-0.39484,-0.03430,0.93036,-1.13567,12.73628,-6.87500
417,4171,-0.38617,-0.03546,0.93018,-0.84604,13.77287,-6.92835
418,4180,-0.38611,-0.04120,0.93201,-0.92988,15.38872,-7.01982
419,4190,-0.38934,-0.05011,0.93164,-0.44970,17.87348,-7.11890
420,4200,-0.38873,-0.05322,0.93231,-0.32012,21.68445,-6.66921
421,4211,-0.39923,-0.04919,0.93341,-0.35061,24.87805,-6.21951
422,4220,-0.38617,-0.04395,0.93042,-0.88415,27.46189,-6.15854
423,4230,-0.37848,-0.05450,0.93408,-1.43293,30.69360,-6.44817
424,4240,-0.35632,-0.04901,0.93604,-1.55488,36.96646,-6.89024
425,4250,-0.39685,-0.05347,0.93109,-0.62500,44.88567,-7.24848
426,4261,-0.39246,-0.04584,0.92639,1.76067,51.13567,-7.11890
427,4270,-0.40314,-0.05817,0.92645,3.10976,58.36890,-6.69207
428,4280,-0.40527,-0.05951,0.92950,4.06250,65.32012,-5.92988
429,4290,-0.41083,-0.05804,0.93176,3.69665,72.26372,-4.93140
430,4301,-0.42432,-0.05914,0.92908,3.62043,80.07622,-3.96341
431,4310,-0.43329,-0.04999,0.92126,4.14634,88.34604,-3.34604
432,4320,-0.45087,-0.05048,0.92212,4.69512,97.04269,-3.11738
433,4330,-0.46948,-0.04315,0.90735,5.58689,106.18140,-3.24695
434,4341,-0.47858,-0.04089,0.89380,5.54878,115.30488,-3.87195
435,4350,-0.48657,-0.05579,0.87756,5.23628,124.78659,-4.30640
436,4360,-0.50500,-0.05432,0.86572,5.72409,135.37347,-4.45884
437,4370,-0.51129,-0.06689,0.85541,5.92988,147.28659,-4.77896
438,4381,-0.51471,-0.04846,0.84821,5.81555,161.24239,-5.67835
439,4390,-0.51508,-0.03558,0.85785,5.02287,178.44513,-8.30793
440,4400,-0.51074,-0.00812,0.86688,0.66311,200.04573,-13.89482
441,4410,-0.49902,0.04059,0.90833,-7.85061,226.56250,-24.79421
442,4421,-0.52130,0.10999,0.91266,-19.06250,249.74847,-41.48628
443,4430,-0.62305,0.15155,0.91412,-29.42835,249.74847,-60.76220
444,4440,-0.87549,0.13837,0.90399,-40.16006,249.36739,-81.31860
445,4450,-1.42560,0.13055,1.21844,-49.76372,249.72562,-94.81708
446,4461,-1.89502,0.00983,1.51953,-43.98628,249.74847,-91.34147
447,4470,-1.83618,-0.09137,1.49390,-12.66006,249.74847,-75.13720
448,4480,-1.52185,0.09039,1.56732,29.55793,249.74847,-58.10213
449,4490,-1.52185,0.09039,1.56732,29.55793,249.74847,-58.10213
450,4500,-1.45404,0.12000,1.58856,51.48628,249.74847,-52.45427
451,4511,-1.83148,0.32849,1.99994,45.59451,249.74847,-77.94208
452,4520,-1.44580,0.38037,1.87653,40.84604,249.74847,-97.72104
453,4530,-1.44580,0.38037,1.87653,40.84604,249.74847,-97.72104
454,4540,-0.50385,0.31848,1.64087,33.11738,247.02745,-113.23933
455,4551,-1.55463,0.04102,1.85510,59.74848,135.41159,-117.80488
456,4560,-1.55463,0.04102,1.85510,59.74848,135.41159,-117.80488
457,4570,-1.47314,0.60321,1.99994,103.87958,16.04421,-99.66463
458,4580,0.06415,0.94531,1.57666,97.54573,-97.37043,-76.89024
459,4591,0.49524,0.88861,0.86383,52.35518,-116.05946,-63.01830
460,4600,0.42706,0.63965,0.65973,13.35366,-98.94055,-47.30945
461,4610,0.30267,0.45264,0.64813,-1.91311,-84.44360,-22.98781
462,4620,0.15289,0.35956,0.74536,8.80335,-83.88720,9.02439
463,4631,-0.00067,0.36926,0.86169,25.64025,-95.89177,42.40854
464,4640,-0.09338,0.41534,0.92554,29.98476,-115.25153,70.20580
465,4650,-0.17633,0.37598,0.95990,16.85976,-138.83385,89.07774
466,4660,-0.23212,0.23798,0.93164,-4.29878,-164.50458,99.69512
467,4671,-0.25641,0.07227,0.84229,-21.02134,-188.39940,104.96951
468,4680,-0.26550,-0.06885,0.73627,-26.98933,-207.21037,107.55336
469,4690,-0.29510,-0.18060,0.66614,-22.29421,-219.83232,108.21647
470,4700,-0.35156,-0.25415,0.65833,-10.71646,-228.46799,106.22713
471,4711,-0.43683,-0.28589,0.70508,2.72104,-235.40398,101.53201
472,4720,-0.55176,-0.30005,0.77905,14.73323,-242.95732,94.64177
473,4730,-0.68561,-0.30939,0.86346,24.12348,-249.75610,86.22713
474,4740,-0.83270,-0.31085,0.92242,32.28659,-249.75610,77.17988
475,4750,-0.94250,-0.26410,0.93036,39.03963,-249.64177,68.25458
476,4761,-0.99725,-0.18091,0.92969,41.85213,-249.74847,61.10518
477,4770,-1.01910,-0.09454,0.93341,39.46646,-249.75610,56.63110
478,4780,-1.05225,-0.01929,0.94843,34.06250,-249.75610,55.26677
479,4790,-1.09930,0.05115,0.99463,27.79726,-249.75610,56.81403
480,4801,-1.14020,0.12482,1.04956,21.74543,-249.75610,60.44207
481,4810,-1.20770,0.19690,1.11719,16.85213,-249.75610,65.44970
482,4820,-1.32269,0.27924,1.20209,13.51372,-249.75610,71.79116
483,4830,-1.46338,0.38007,1.28308,10.23628,-249.75610,79.10061
484,4841,-1.65527,0.50684,1.36053,5.54116,-249.75610,88.42988
485,4850,-1.91339,0.61377,1.38116,-1.21189,-249.75610,100.55640
486,4860,-2.00000,0.62579,1.31433,-6.32622,-249.75610,115.92226
487,4870,-2.00000,0.53308,1.13135,-4.47409,-249.75610,133.96342
488,4881,-1.99768,0.37347,0.78845,4.81707,-249.75610,152.43141
489,4890,-2.00000,0.15448,0.39557,17.14939,-249.75610,168.33842
490,4900,-2.00000,-0.14215,0.03711,28.65854,-249.58080,180.34299
491,4910,-1.99994,-0.42438,-0.19153,40.79268,-230.25153,182.85823
492,4921,-2.00000,-0.58966,-0.24829,49.56555,-184.67226,169.45885
493,4930,-2.00000,-0.81403,-0.27344,52.14177,-148.53659,145.87653
494,4940,-2.00000,-0.79602,-0.73883,43.20884,-140.20580,110.08385
495,4950,-2.00000,-0.82660,-1.51953,14.26829,-123.75762,56.73018
496,4961,-1.99310,-0.93011,-1.83215,-12.60671,-63.23171,-0.31250
497,4970,-1.89697,-0.74304,-1.33771,-18.26982,18.39939,-44.54268
498,4980,-1.92047,-0.35931,-0.38470,-8.87957,78.53659,-68.81860
499,4990,-0.28406,1.12085,0.64850,-44.35976,118.54421,-67.82774
500,5000,0.20776,-0.00793,1.96881,-176.23476,167.47714,-41.41006
501,5011,0.23297,-0.87036,1.51154,-94.45885,113.10976,10.96799
502,5020,0.29486,0.26971,0.04846,-14.29878,101.63110,60.73933
503,5030,0.50092,-1.06757,-0.09790,-50.30488,178.59756,27.12653
504,5040,-0.87549,-1.47192,1.45435,-33.89482,249.74847,-2.13415
505,5051,-1.96912,-0.83197,1.99994,0.12195,236.37196,-12.49238
506,5060,-1.20673,-0.49060,1.66492,-10.53354,183.25458,-46.15092
507,5070,-1.45502,0.48145,1.84137,-15.86128,150.67073,-54.13872
508,5080,-1.57269,1.52795,1.68536,-52.59146,95.28963,-43.30793
509,5091,-0.63409,0.11456,1.05463,-46.79116,58.25457,-10.60213
510,5100,-0.46228,-0.86084,1.28223,-35.20580,50.57165,-6.69970
511,5110,-0.65613,0.29211,1.10913,-32.97256,33.70427,-17.93445
512,5120,-0.44531,0.33337,0.90979,-25.09909,21.86738,-8.98628
513,5131,-0.39911,-0.21924,1.01031,-21.63872,20.47256,-6.64634
514,5140,-0.47583,0.07446,0.99493,-22.16463,16.77592,-9.49695
515,5150,-0.44232,-0.07056,0.99481,-15.15244,13.10213,-5.28963
516,5160,-0.41718,-0.05646,0.97302,-11.22713,10.41921,-3.30030
517,5171,-0.41028,-0.01965,0.95563,-8.36128,8.38415,-1.92835
518,5180,-0.38861,-0.04395,0.95172,-6.15091,7.32470,-0.82317
519,5190,-0.37640,-0.02148,0.93823,-4.86280,7.43140,-0.38872
520,5200,-0.37939,-0.02563,0.93701,-3.81860,7.71341,-0.30488
521,5211,-0.38934,-0.01123,0.93323,-3.84146,7.58384,-0.57165
522,5220,-0.39868,-0.01062,0.93115,-3.78811,6.79116,-0.84604
523,5230,-0.39648,-0.01636,0.93109,-3.36890,5.50305,-1.25762
524,5240,-0.39563,-0.03082,0.93182,-3.08689,4.70274,-1.50915
525,5250,-0.39020,-0.02814,0.92816,-3.16311,4.52744,-1.81402
526,5261,-0.38788,-0.03058,0.92841,-3.13262,4.72561,-2.06555
527,5270,-0.38861,-0.03149,0.92499,-2.94970,4.96189,-2.29421
528,5280,-0.38831,-0.03320,0.92761,-2.76677,5.21341,-2.30945
529,5290,-0.38739,-0.03082,0.92664,-2.59909,5.76220,-2.44665
530,5301,-0.38654,-0.02734,0.92627,-2.39329,6.52439,-2.64482
531,5310,-0.38452,-0.02209,0.92480,-2.14177,7.46189,-2.73628
532,5320,-0.37665,-0.01691,0.92438,-2.09604,8.56707,-3.14787
533,5330,-0.38599,-0.02179,0.92279,-2.10366,9.71799,-3.95579
534,5341,-0.38617,-0.02039,0.92303,-1.76829,10.56402,-4.65701
535,5350,-0.38397,-0.02112,0.92749,-1.31860,11.87500,-5.35823
536,5360,-0.38428,-0.02515,0.92700,-0.92226,13.70427,-5.91463
537,5370,-0.40149,-0.03503,0.92493,-0.48780,16.04421,-6.07470
538,5381,-0.39569,-0.03882,0.92615,0.44207,17.86585,-6.01372
539,5390,-0.38086,-0.04089,0.92682,1.61585,20.58689,-5.92226
540,5400,-0.38300,-0.04871,0.92786,2.60671,25.67835,-5.36585
541,5410,-0.40167,-0.04291,0.92096,3.24695,30.66311,-4.32165
542,5421,-0.40137,-0.04059,0.92181,4.43598,34.19970,-3.52134
543,5430,-0.39429,-0.03680,0.92236,5.78506,38.47561,-2.56860
544,5440,-0.41254,-0.03064,0.91681,6.76067,43.48323,-1.63110
545,5450,-0.40814,-0.02417,0.91125,7.10366,47.78201,-1.50915
546,5461,-0.41724,-0.02777,0.90948,7.69817,52.54573,-1.54726
547,5470,-0.42255,-0.02502,0.90820,9.11585,57.30183,-1.47866
548,5480,-0.43524,-0.03455,0.90692,10.81555,62.88872,-1.28049
549,5490,-0.44287,-0.03656,0.89911,12.81250,68.61281,-0.52591
550,5500,-0.45551,-0.03961,0.90002,13.87957,74.48171,0.53354
551,5511,-0.45758,-0.03284,0.89203,15.31250,80.96799,2.01220
552,5520,-0.46783,-0.02814,0.88934,17.10366,88.40701,3.16311
553,5530,-0.47552,-0.02087,0.88074,18.53659,96.28811,3.74238
554,5540,-0.48865,-0.01154,0.87549,19.47409,104.40549,3.75762
555,5551,-0.50201,-0.00970,0.87048,19.18445,112.83537,3.29268
556,5560,-0.51819,-0.01697,0.85760,18.28506,121.58537,3.06402
557,5570,-0.53271,-0.02374,0.83606,17.60671,130.64024,3.14787
558,5580,-0.53546,-0.00751,0.82880,16.34908,140.55641,2.56860
559,5591,-0.53656,0.02167,0.82965,14.82470,152.41617,0.37348
560,5600,-0.52985,0.03998,0.83698,13.65854,167.03506,-3.91006
561,5610,-0.52771,0.04181,0.84357,10.16768,187.82013,-10.24390
562,5620,-0.51276,0.09332,0.87024,4.12348,213.88721,-20.51829
563,5631,-0.52905,0.13733,0.87231,-1.08232,242.65245,-35.34299
564,5640,-0.59204,0.13959,0.88727,-4.93140,249.74847,-50.15244
565,5650,-0.75403,0.12213,0.86786,-9.36738,249.65701,-63.82622
566,5660,-1.12640,0.10730,0.97028,-7.28659,249.55031,-71.82927
567,5671,-1.76062,0.04968,1.34454,5.60976,249.74847,-65.29726
568,5680,-1.86029,-0.00696,1.39429,32.68293,249.74847,-46.69207
569,5690,-1.68958,0.02246,1.42627,71.47104,249.74847,-28.85671
570,5700,-1.54065,0.22815,1.38171,109.46647,249.74847,-14.06250
571,5711,-1.69092,0.21552,1.53259,134.76372,249.74847,-7.10366
572,5720,-1.94550,0.11322,1.94806,147.59146,249.74847,-14.66463
573,5730,-1.89642,0.47113,1.72150,135.13719,249.74847,-44.30640
574,5740,-1.24377,0.32855,1.84949,110.92226,249.74847,-77.94208
575,5750,-0.47980,0.34442,1.99994,81.29573,233.14787,-107.20274
576,5761,-0.23956,0.29041,1.71747,53.14787,170.60976,-129.31403
577,5770,-1.48151,0.18567,1.77838,52.91159,104.06250,-150.48781
578,5780,-1.41193,0.31226,1.99994,76.52439,-18.54421,-146.26524
579,5790,-0.11194,0.52417,1.65393,85.40397,-137.04268,-129.48933
580,5801,0.45038,0.64478,0.86804,66.22713,-164.44360,-118.80336
581,5810,0.44537,0.59717,0.58734,40.92226,-152.57622,-107.21037
582,5820,0.38983,0.56964,0.53687,14.92378,-135.90701,-87.85823
583,5830,0.38983,0.56964,0.53687,14.92378,-135.90701,-87.85823
584,5841,0.11676,0.37811,0.70233,4.94665,-125.87653,-20.22866
585,5850,-0.03912,0.33655,0.82196,18.42226,-139.45885,20.64787
586,5860,-0.03912,0.33655,0.82196,18.42226,-139.45885,20.64787
587,5870,-0.16382,0.35565,0.90680,26.68445,-161.17378,56.47104
588,5881,-0.29736,0.26593,0.86646,-3.61280,-212.21799,96.28049
589,5890,-0.29736,0.26593,0.86646,-3.61280,-212.21799,96.28049
590,5900,-0.31451,0.08624,0.77692,-26.34146,-231.38721,103.00305
591,5910,-0.34100,-0.10120,0.69977,-37.40092,-244.75610,104.95427
592,5921,-0.40857,-0.27448,0.67743,-32.60671,-249.75610,103.94817
593,5930,-0.50763,-0.39105,0.71558,-14.83994,-249.75610,100.06860
594,5940,-0.61926,-0.41113,0.79602,6.64634,-249.64177,91.56250
595,5950,-0.76233,-0.39008,0.90796,23.17835,-249.75610,77.87347
596,5961,-0.92145,-0.37927,1.00751,33.27744,-249.75610,61.68445
597,5970,-1.04095,-0.36737,1.05774,40.48780,-249.75610,45.35061
598,5980,-1.10663,-0.34491,1.07166,47.77439,-249.75610,30.89939
599,5990,-1.14722,-0.28711,1.05292,55.55640,-249.75610,19.41311
600,6000,-1.16046,-0.17212,1.01843,61.79116,-249.75610,11.87500
601,6011,-1.17163,-0.02405,1.01086,63.08689,-249.75610,9.37500
602,6020,-1.21167,0.13318,1.04834,59.08537,-249.75610,12.60671
603,6030,-1.29565,0.28632,1.10980,51.74543,-249.75610,21.47104
604,6040,-1.43756,0.44055,1.19904,43.49086,-249.75610,35.08384
605,6051,-1.67297,0.66199,1.29895,32.54573,-249.75610,54.43598
606,6060,-1.91394,0.85437,1.33295,15.03049,-249.75610,82.18750
607,6070,-2.00000,0.83234,1.32037,-2.94207,-249.75610,117.75915
608,6080,-2.00000,0.64441,1.19135,-9.35213,-249.75610,155.57166
609,6091,-1.99792,0.37872,0.88715,-1.29573,-249.75610,191.21190
610,6100,-2.00000,0.09875,0.54120,12.67531,-249.75610,221.15854
611,6110,-2.00000,-0.06915,0.20789,17.51524,-249.75610,241.36433
612,6120,-1.99994,-0.28894,-0.12500,2.60671,-240.02287,247.51524
613,6131,-2.00000,-0.61169,-0.42957,-22.76677,-202.24086,231.13568
614,6140,-2.00000,-1.05066,-0.71405,-41.10518,-155.17531,195.32774
615,6150,-2.00000,-1.39398,-1.00189,-35.36586,-119.64939,143.76524
616,6160,-2.00000,-1.48566,-1.45660,-10.73933,-100.34299,72.72104
617,6171,-2.00000,-1.41571,-1.68750,20.59451,-61.65396,-1.62348
618,6180,-1.98260,-0.97516,-1.35547,41.52439,0.25152,-62.76677
619,6190,-1.95837,-0.45258,-0.54254,35.95274,57.08842,-109.89330
620,6200,-0.30133,0.80890,0.62946,-23.18598,103.55183,-137.04268
621,6211,0.30640,-0.26257,1.99994,-128.30031,150.00000,-133.66617
622,6220,0.32324,-0.62231,1.51526,-60.90701,96.46342,-95.20580
623,6230,0.45807,0.77057,-0.01123,4.43598,85.32774,-45.93750
624,6240,0.78998,0.20557,-0.47162,-16.47866,170.93750,-45.71646
625,6250,-0.76160,0.00897,1.20319,-11.84451,249.74847,-35.03811
626,6261,-2.00000,0.04926,1.99994,-0.97561,244.71799,-10.86128
627,6270,-1.58734,-0.41620,1.82477,-26.57012,187.05794,-26.81403
628,6280,-1.66138,-0.06067,1.83972,-49.68750,132.52287,-47.56098
629,6290,-1.19427,0.95544,1.43188,-55.85366,70.28201,-38.88720
630,6301,-0.45135,0.07715,1.06122,-47.88110,51.03659,-13.82622
631,6310,-0.77625,-0.88116,1.44897,-30.64025,44.05488,-5.16768
632,6320,-0.55988,0.19366,0.98871,-18.71189,16.92073,-10.88415
633,6330,-0.31860,0.42688,0.84637,-16.79116,11.90549,-6.47104
634,6341,-0.40619,-0.20605,0.99164,-15.47256,14.48933,-4.57317
635,6350,-0.46680,0.04803,0.97418,-15.06860,10.72409,-7.67530
636,6360,-0.40802,-0.06476,0.97705,-9.90092,8.06402,-4.58841
637,6370,-0.41815,-0.07025,0.96997,-8.26982,6.53201,-3.31555
638,6381,-0.42621,-0.03760,0.95880,-6.70732,4.41311,-2.18750
639,6390,-0.40283,-0.03705,0.94934,-5.47256,2.91921,-1.24238
640,6400,-0.39752,-0.04102,0.93555,-4.79421,2.24085,-0.97561
641,6410,-0.38275,-0.04102,0.93494,-4.25305,1.91311,-0.53354
642,6421,-0.37677,-0.02893,0.93359,-3.87195,2.15701,-0.49543
643,6430,-0.37854,-0.02295,0.92902,-3.75762,2.17226,-0.85366
644,6440,-0.38647,-0.02008,0.92786,-3.63567,2.15701,-1.27287
645,6450,-0.38708,-0.03149,0.92944,-3.29268,1.83689,-1.38720
646,6461,-0.38403,-0.03705,0.92676,-3.03354,1.79116,-1.28811
647,6470,-0.37921,-0.04053,0.92798,-2.57622,2.09604,-1.18902
648,6480,-0.37726,-0.03326,0.92627,-2.05793,2.82774,-0.96799
649,6490,-0.37512,-0.02930,0.92749,-1.60823,3.74238,-0.91463
650,6500,-0.37561,-0.03290,0.92688,-1.31860,4.54268,-0.96799
651,6511,-0.37592,-0.03772,0.93127,-1.20427,5.09146,-1.05945
652,6520,-0.37488,-0.03339,0.92688,-1.01372,5.99848,-1.15091
653,6530,-0.37463,-0.03076,0.92511,-0.80793,7.13415,-1.44055
654,6540,-0.37689,-0.02795,0.92822,-0.67835,8.21646,-1.94360
655,6551,-0.37866,-0.02289,0.92755,-0.26677,9.26067,-2.64482
656,6560,-0.37988,-0.01947,0.92334,-0.01524,9.96189,-3.42226
657,6570,-0.38666,-0.02704,0.92511,0.22866,10.57927,-4.16921
658,6580,-0.39252,-0.03485,0.92700,0.60976,11.17378,-4.48171
659,6591,-0.39160,-0.04309,0.92542,0.85366,12.08079,-4.51982
660,6600,-0.37878,-0.03522,0.92767,0.92988,13.88720,-4.24543
661,6610,-0.39319,-0.03668,0.92694,0.85366,17.04268,-4.03201
662,6620,-0.40436,-0.04877,0.92487,1.33384,19.16159,-3.61280
663,6631,-0.40509,-0.04962,0.92462,1.53201,20.54116,-3.05640
664,6640,-0.38196,-0.04688,0.92578,1.83689,22.88110,-2.49238
665,6650,-0.39661,-0.03931,0.92218,2.18750,26.85976,-2.18750
666,6660,-0.39270,-0.05139,0.92419,2.88110,29.20732,-2.29421
667,6671,-0.37634,-0.03290,0.91870,3.67378,33.58232,-2.06555
668,6680,-0.40643,-0.03204,0.91278,4.32927,38.98628,-1.95122
669,6690,-0.40283,-0.03351,0.91132,4.89329,42.72866,-1.88262
670,6700,-0.40497,-0.03766,0.91718,5.48018,47.33994,-1.56250
671,6711,-0.40656,-0.03973,0.91772,6.85213,52.43903,-1.15091
672,6720,-0.41559,-0.03607,0.90820,8.46799,58.06403,-0.95274
673,6730,-0.42853,-0.04523,0.90259,10.03811,63.78049,-0.68598
674,6740,-0.43915,-0.04279,0.89948,11.34146,70.12958,-0.01524
675,6750,-0.44543,-0.03583,0.90015,13.26982,76.93597,0.51829
676,6761,-0.45068,-0.02551,0.89709,15.46494,84.70274,0.75457
677,6770,-0.46686,-0.02161,0.89606,17.28658,93.08689,0.38110
678,6780,-0.47919,-0.01892,0.89526,17.59146,101.57774,-0.25915
679,6790,-0.49542,-0.03809,0.88086,16.73018,110.21342,-0.35061
680,6801,-0.51337,-0.04144,0.87000,17.48476,119.72561,0.40396
681,6810,-0.51501,-0.02600,0.86401,17.87348,129.84756,0.95274
682,6820,-0.51562,0.00610,0.86475,17.75152,141.47867,-0.08384
683,6830,-0.50775,0.02332,0.87415,16.38720,155.56403,-3.53659
684,6841,-0.51227,0.04395,0.88135,12.72104,173.46799,-8.87195
685,6850,-0.51019,0.06409,0.87451,6.15854,195.60976,-16.71494
686,6860,-0.50671,0.07660,0.89044,-3.01829,222.75916,-29.49695
687,6870,-0.51740,0.11420,0.87659,-13.01829,248.11739,-47.14939
688,6881,-0.61212,0.13477,0.86456,-19.10061,249.74847,-63.04878
689,6890,-0.77966,0.08105,0.84125,-21.42531,249.42836,-75.84604
690,6900,-1.21973,0.06549,0.94690,-18.42988,249.67226,-80.81555
691,6910,-1.74823,0.02600,1.34711,-8.58232,249.74847,-72.06555
692,6921,-1.87256,-0.07745,1.32684,27.51525,249.74847,-51.43293
693,6930,-1.66693,0.10858,1.37195,78.66616,249.74847,-29.48171
694,6940,-1.52948,0.22791,1.40344,114.21494,249.74847,-17.54573
695,6950,-1.66620,0.25311,1.54248,126.85976,249.74847,-20.60976
696,6961,-1.85278,0.11414,1.86340,128.72714,249.74847,-37.24848
697,6970,-1.53949,0.38422,1.51886,107.69055,249.74847,-71.65397
698,6980,-0.97028,0.48975,1.61621,79.53506,249.19971,-106.30336
699,6990,-0.33197,0.49878,1.80273,56.65396,227.50000,-126.66159
700,7000,-0.23083,0.30121,1.44843,31.76067,179.83995,-140.95274
701,7011,-1.57123,0.15271,1.72009,33.47561,126.64635,-153.12500
702,7020,-1.48987,0.37634,1.99994,63.50610,12.05793,-139.78659
703,7030,-0.35883,0.53015,1.67938,85.75458,-105.60213,-114.10061
704,7040,0.22571,0.63556,0.91614,72.23323,-145.64787,-98.62043
705,7051,0.37085,0.57532,0.55023,48.27744,-142.27896,-87.29421
706,7060,0.38190,0.50275,0.43060,20.18293,-125.82317,-74.00915
707,7070,0.28906,0.38385,0.44702,4.35213,-110.22104,-52.96494
708,7080,0.14502,0.29077,0.55707,6.45579,-105.26677,-23.65854
709,7091,0.00922,0.29681,0.70361,18.95579,-111.80640,10.88415
710,7100,-0.10559,0.36353,0.82214,26.57775,-128.01830,44.10823
711,7110,-0.20294,0.37738,0.90753,20.03049,-150.86891,71.72256
712,7120,-0.27594,0.30939,0.92444,1.49390,-177.35519,91.70732
713,7131,-0.30090,0.16193,0.87677,-19.41311,-202.91159,104.37500
714,7140,-0.31256,-0.01904,0.81097,-32.45427,-223.31555,111.66159
715,7150,-0.34906,-0.20966,0.76233,-32.43140,-237.91159,115.74696
716,7160,-0.43536,-0.39734,0.74921,-19.77134,-248.20885,115.32012
717,7171,-0.52722,-0.52588,0.76074,1.34146,-249.75610,106.58537
718,7180,-0.62134,-0.56464,0.79755,23.72713,-249.67989,89.79421
719,7190,-0.73645,-0.53406,0.86664,41.28811,-249.70274,68.97866
720,7200,-0.73645,-0.53406,0.86664,41.28811,-249.70274,68.97866
721,7211,-1.00555,-0.36682,0.99707,57.85061,-249.75610,31.82927
722,7220,-1.05908,-0.25397,1.01495,58.40701,-249.75610,19.92378
723,7230,-1.05908,-0.25397,1.01495,58.40701,-249.75610,19.92378
724,7240,-1.07727,-0.14618,1.01501,57.22561,-249.75610,14.83994
725,7250,-1.08533,-0.03381,1.01996,55.48018,-249.75610,16.87500
726,7261,-1.10651,0.08801,1.05139,52.82012,-249.75610,24.18445
727,7270,-1.14636,0.22125,1.10468,48.71189,-249.75610,35.80030
728,7280,-1.23737,0.36200,1.17798,42.82774,-249.75610,50.70884
729,7290,-1.41107,0.54468,1.28375,33.34604,-249.75610,68.42988
730,7301,-1.68896,0.71204,1.37433,18.63567,-249.75610,90.71647
731,7310,-1.96869,0.74438,1.38831,3.53659,-249.75610,118.87196
732,7320,-2.00000,0.62903,1.36273,-3.17073,-249.75610,150.97562
733,7330,-1.99725,0.45111,1.16486,1.11280,-249.75610,181.99695
734,7341,-1.99884,0.22632,0.78870,10.09146,-249.75610,207.52287
735,7350,-2.00000,0.01959,0.39465,15.52592,-249.75610,225.68597
736,7360,-2.00000,-0.18439,0.03375,10.61738,-248.62805,235.55641
737,7370,-1.99994,-0.43903,-0.25012,-1.09756,-224.80183,229.64940
738,7381,-2.00000,-0.61841,-0.48315,-14.26067,-180.67836,200.89177
739,7390,-2.00000,-0.99371,-0.62897,-19.85518,-134.96190,156.37195
740,7400,-2.00000,-1.18268,-0.90460,-3.33841,-115.40397,97.29421
741,7410,-2.00000,-1.23309,-1.43402,25.28963,-105.19055,26.34909
742,7421,-1.97437,-1.00079,-1.59735,50.89177,-61.63110,-40.37348
743,7430,-1.73553,-0.52063,-1.16479,55.07622,5.62500,-95.67073
744,7440,-1.67151,-0.14441,-0.38025,40.34299,61.50153,-136.63872
745,7450,-0.11981,1.31537,0.63525,-30.80031,105.87653,-149.80945
746,7461,0.04987,0.09070,1.99744,-221.57774,152.08842,-121.25000
747,7470,0.51233,-1.16095,1.77667,-152.93445,99.10823,-55.73933
748,7480,0.32910,0.56403,0.46045,-17.12652,78.58994,50.36586
749,7490,0.38129,-0.24200,-0.33722,-21.44817,131.53201,68.50610
750,7500,-0.28241,-1.33990,0.80084,-33.21646,220.28201,36.47866
751,7511,-1.66980,-1.26434,1.99994,-2.91159,235.18294,18.22408
752,7520,-1.49622,-0.65936,1.86938,-0.07622,181.50916,-14.47409
753,7530,-1.10925,0.29376,1.47614,-20.99085,140.86128,-44.94665
754,7540,-1.41840,1.64410,1.69073,-61.19665,106.41769,-40.63262
755,7551,-1.20325,0.11053,1.62329,-70.86890,65.69360,-16.32622
756,7560,-0.56525,-1.33777,1.25940,-26.96646,24.07774,-2.20274
757,7570,-0.31512,0.67249,0.86523,-25.62500,13.07927,-12.02744
758,7580,-0.40167,0.21582,0.95551,-23.42988,16.66158,-6.63110
759,7591,-0.44373,-0.29559,1.05103,-20.08384,11.02134,-7.97256
760,7600,-0.44733,0.09174,0.99078,-16.50152,4.28354,-8.36128
761,7610,-0.45667,-0.19348,0.99536,-9.37500,1.40244,-4.48933
762,7620,-0.44507,-0.07202,0.95569,-8.31555,0.67835,-2.40091
763,7631,-0.38733,-0.07135,0.95435,-5.44970,1.44055,-0.63262
764,7640,-0.38873,-0.06073,0.95081,-3.63567,3.66616,-0.11433
765,7650,-0.37439,-0.01569,0.93964,-2.21799,5.51067,-0.17530
766,7660,-0.38531,-0.02747,0.93756,-1.14329,7.37043,-1.05945
767,7671,-0.38232,-0.02942,0.93427,-0.42683,8.37652,-1.52439
768,7680,-0.36957,-0.01526,0.93481,0.06098,9.40549,-2.23323
769,7690,-0.37872,-0.01508,0.92841,0.28963,10.73171,-3.48323
770,7700,-0.38531,-0.01935,0.92468,0.24390,11.16616,-4.51220
771,7711,-0.38568,-0.02319,0.92096,0.25915,10.63262,-5.73171
772,7720,-0.38208,-0.02289,0.92206,0.19055,10.33537,-6.66159
773,7730,-0.38190,-0.01935,0.92017,0.02287,10.60976,-7.22561
774,7740,-0.39508,-0.02362,0.91467,-0.13720,10.92988,-7.39329
775,7750,-0.40942,-0.03381,0.90997,-0.27439,10.25152,-7.25610
776,7761,-0.41052,-0.04608,0.91144,-0.62500,8.80335,-6.37957
777,7770,-0.40424,-0.05139,0.91980,-0.91463,7.80488,-5.23628
778,7780,-0.39868,-0.03961,0.91846,-1.44817,7.39329,-4.42835
779,7790,-0.39081,-0.02222,0.92126,-1.79116,7.65244,-4.19207
780,7801,-0.38477,-0.01807,0.92316,-1.57774,8.21646,-4.58079
781,7810,-0.38556,-0.01636,0.92285,-1.32622,9.07774,-5.36585
782,7820,-0.39258,-0.02686,0.92139,-1.17378,10.01524,-6.27287
783,7830,-0.39661,-0.03558,0.92010,-1.34146,11.05183,-6.71494
784,7841,-0.39691,-0.03375,0.91803,-1.29573,12.24085,-6.99695
785,7850,-0.39978,-0.03625,0.91589,-1.28049,13.81098,-7.33994
786,7860,-0.39929,-0.03961,0.91583,-1.44055,15.60976,-7.81250
787,7870,-0.39807,-0.04675,0.91998,-1.41006,17.84299,-7.90396
788,7881,-0.38763,-0.04730,0.92279,-1.20427,20.51829,-7.82774
789,7890,-0.39417,-0.05103,0.92053,-1.21189,24.70275,-7.73628
790,7900,-0.41803,-0.06018,0.91492,-0.95274,28.24695,-7.33994
791,7910,-0.42310,-0.05371,0.90930,-0.53354,30.00762,-6.73018
792,7921,-0.42358,-0.05670,0.90833,-0.07622,31.89787,-6.11280
793,7930,-0.42285,-0.05273,0.90649,0.06098,34.16159,-5.47256
794,7940,-0.42786,-0.05450,0.90649,-0.28201,36.87500,-4.99238
795,7950,-0.43250,-0.05646,0.90741,-0.59451,39.74086,-4.54268
796,7961,-0.42822,-0.05054,0.90662,-0.60213,42.85823,-4.15396
797,7970,-0.42438,-0.03613,0.90692,-0.54116,46.95884,-4.58841
798,7980,-0.43018,-0.03052,0.90686,-0.62500,51.79878,-5.75457
799,7990,-0.44312,-0.03204,0.90173,-0.59451,56.83689,-7.20274
800,8000,-0.45319,-0.03571,0.89526,-1.17378,61.95884,-8.69665
801,8011,-0.46484,-0.04242,0.89453,-1.97409,67.25610,-10.03811
802,8020,-0.47980,-0.05389,0.88788,-3.01829,72.96494,-10.89177
803,8030,-0.48975,-0.05853,0.87567,-4.41311,78.63567,-10.96037
804,8040,-0.50098,-0.06531,0.86896,-5.69360,84.61890,-10.72409
805,8051,-0.50592,-0.05988,0.86951,-6.65396,91.00610,-10.37348
806,8060,-0.51019,-0.04425,0.87280,-7.77439,98.61281,-10.77744
807,8070,-0.50854,-0.03406,0.87305,-9.34451,108.14024,-12.47713
808,8080,-0.50903,-0.02051,0.88556,-9.64177,120.17531,-15.61738
809,8091,-0.52039,-0.03931,0.91620,-10.14482,134.71799,-20.81555
810,8100,-0.51178,-0.00671,0.94727,-13.77287,153.78049,-27.98018
811,8110,-0.51764,-0.00085,0.95380,-23.20122,179.90854,-36.47104
812,8120,-0.50793,0.02637,0.95251,-33.31555,212.49239,-46.82927
813,8131,-0.54175,0.07574,0.91992,-43.58232,244.25305,-62.08842
814,8140,-0.66028,0.10016,0.87103,-51.82927,249.74847,-77.86585
815,8150,-0.82477,0.05798,0.82751,-49.69512,249.55031,-85.20580
816,8160,-1.15851,0.00800,0.88867,-32.44665,249.58080,-84.83994
817,8171,-1.55933,-0.03003,1.05328,3.30030,249.74847,-77.19512
818,8180,-1.71136,-0.11560,1.07300,54.42836,249.74847,-66.51677
819,8190,-1.40662,0.05487,1.04858,86.25000,249.74847,-66.65397
820,8200,-1.21155,0.05182,1.18341,108.18598,249.74847,-67.56097
821,8211,-1.38489,0.21198,1.47876,114.21494,249.74847,-78.98628
822,8220,-1.44586,0.06683,1.26678,112.91159,240.30489,-98.21647
823,8230,-1.13226,0.00665,0.79840,123.45274,214.51221,-115.45732
824,8240,-0.91516,0.05731,0.85529,147.19513,202.33995,-126.31098
825,8250,-0.86072,0.21228,1.14496,162.87347,177.78964,-133.05641
826,8261,-0.43616,0.10089,1.51465,174.42836,121.68446,-138.10976
827,8270,-1.05676,0.71179,1.77533,175.74695,59.57317,-133.15549
828,8280,-0.57098,1.12817,1.72559,150.41159,-6.34909,-104.29878
829,8290,0.20502,1.10144,0.96643,96.54726,-53.10213,-69.31403
830,8301,0.28827,0.73962,0.66388,52.00457,-51.36433,-30.60213
831,8310,0.19348,0.41718,0.70148,38.71951,-40.95274,10.80793
832,8320,0.12384,0.23572,0.78406,46.21189,-40.35823,50.20580
833,8330,-0.00256,0.15228,0.93262,54.13872,-48.28506,80.82317
834,8341,-0.08240,0.07593,1.01831,49.20732,-63.65854,98.60519
835,8350,-0.12634,-0.02979,1.04504,32.10366,-82.50762,104.69512
836,8360,-0.19293,-0.18463,1.06238,12.26372,-102.31708,103.50610
837,8370,-0.24982,-0.35828,1.05902,-0.49543,-123.36890,98.97866
838,8381,-0.30902,-0.47437,1.04285,-0.73171,-145.19818,92.82012
839,8390,-0.34399,-0.50580,1.01672,2.62957,-165.51830,81.97409
840,8400,-0.39532,-0.54083,0.96967,4.50457,-182.97256,67.22561
841,8410,-0.45013,-0.55713,0.91986,7.08079,-197.92683,51.97409
842,8421,-0.48859,-0.53650,0.85797,11.31860,-209.23019,39.01677
843,8430,-0.53162,-0.47070,0.81329,15.74695,-215.42683,30.41921
844,8440,-0.58167,-0.37274,0.81201,17.51524,-216.42531,27.37043
845,8450,-0.65607,-0.28394,0.85101,15.09909,-215.04573,28.52896
846,8461,-0.74329,-0.22455,0.90381,9.57317,-214.28354,32.46951
847,8470,-0.81750,-0.18658,0.94476,3.93293,-215.45732,37.75153
848,8480,-0.86023,-0.13556,0.96301,-0.42683,-217.59909,42.87348
849,8490,-0.86841,-0.07538,0.95325,-4.35976,-219.10062,48.01830
850,8500,-0.86841,-0.07538,0.95325,-4.35976,-219.10062,48.01830
851,8511,-0.86963,0.00238,0.97913,-9.48171,-216.32622,60.89939
852,8520,-0.89478,0.03546,1.02283,-9.10061,-214.51221,67.64482
853,8530,-0.89478,0.03546,1.02283,-9.10061,-214.51221,67.64482
854,8540,-0.93225,0.07715,1.07581,-7.35518,-213.42989,73.42988
855,8551,-1.05872,0.19464,1.15283,-6.02896,-213.40701,81.34147
856,8560,-1.05872,0.19464,1.15283,-6.02896,-213.40701,81.34147
857,8570,-1.14325,0.25598,1.15283,-5.56402,-213.28506,86.07470
858,8580,-1.29016,0.31653,1.14484,-3.62805,-211.79117,93.23171
859,8591,-1.56348,0.18964,0.97058,5.87652,-209.80183,120.16006
860,8600,-1.56348,0.18964,0.97058,5.87652,-209.80183,120.16006
861,8610,-1.62408,0.09662,0.79712,8.58232,-205.96799,131.31097
862,8620,-1.64105,-0.07983,0.60895,9.15396,-195.62500,138.07166
863,8631,-1.67493,-0.27100,0.48077,12.37805,-179.63416,142.05794
864,8640,-1.75677,-0.39917,0.44647,16.47866,-162.98781,139.66464
865,8650,-1.82739,-0.43182,0.43237,15.09909,-150.97562,127.34756
866,8660,-1.77332,-0.40228,0.32379,4.03201,-144.34451,105.90701
867,8671,-1.69354,-0.46454,0.12134,-9.75610,-135.84604,82.08080
868,8680,-1.77734,-0.56616,-0.09912,-11.47104,-123.09451,62.09604
869,8690,-1.86951,-0.57037,-0.37030,1.15091,-110.03811,45.38872
870,8700,-1.86383,-0.53870,-0.62555,17.94970,-92.07317,30.89939
871,8711,-1.71204,-0.48303,-0.77570,29.96189,-64.02439,16.87500
872,8720,-1.46179,-0.40985,-0.78058,34.00915,-25.78506,0.54878
873,8730,-1.25842,-0.31177,-0.55078,34.29878,17.44665,-17.13415
874,8740,-0.84357,0.58679,-0.59375,-2.21037,82.63720,-29.07012
875,8750,0.02362,-0.32385,0.39685,-90.44970,149.90092,-29.06250
876,8761,-0.39594,-0.65631,1.85486,-29.02439,153.20885,-0.56402
877,8770,-0.37354,0.19006,1.76013,10.15244,113.58232,30.23628
878,8780,-0.01617,-0.52521,0.47864,-23.14787,97.07317,-10.86128
879,8790,-0.17609,-0.85529,0.51056,-23.52134,148.75763,-38.84909
880,8801,-1.39178,-0.21790,1.76843,-1.64634,187.24847,-31.27287
881,8810,-2.00000,0.41443,1.99994,-20.98323,131.51677,-39.82470
882,8820,-1.13116,0.88782,1.25085,-56.22713,42.62957,-42.14939
883,8830,-0.17413,0.06110,0.77460,-33.52134,30.65549,-10.13720
884,8841,-0.51105,-0.46448,1.28278,-31.58537,39.90854,-6.25762
885,8850,-0.62433,0.00195,1.03741,-26.25000,21.62348,-12.35518
886,8860,-0.35590,0.22076,0.90057,-16.81402,13.26220,-5.30488
887,8870,-0.36053,-0.10956,0.98785,-12.59146,15.10671,-2.18750
888,8881,-0.40002,0.00714,0.95386,-12.43902,13.36128,-4.57317
889,8890,-0.38885,0.05975,0.92395,-10.92226,11.76829,-4.63415
890,8900,-0.39136,-0.02307,0.94623,-9.38262,10.79268,-4.03963
891,8910,-0.41321,-0.02728,0.95465,-8.65854,8.54421,-3.74238
892,8921,-0.41522,-0.05048,0.96246,-7.30945,6.62348,-2.82012
893,8930,-0.40576,-0.05615,0.95844,-6.04421,5.76982,-1.68445
894,8940,-0.39581,-0.03705,0.95398,-4.53506,5.69360,-0.96037
895,8950,-0.39948,-0.01477,0.94104,-3.39177,5.50305,-0.64787
896,8961,-0.39850,-0.01788,0.93524,-2.93445,4.55030,-0.83079
897,8970,-0.38995,-0.01825,0.93341,-3.20122,3.48323,-1.33384
898,8980,-0.38867,-0.02112,0.93060,-3.25457,2.85823,-2.11890
899,8990,-0.38861,-0.03223,0.93610,-2.89634,2.60671,-2.66006
900,9000,-0.38770,-0.03375,0.93420,-2.70579,3.07165,-2.78201
901,9011,-0.38281,-0.03320,0.93134,-2.29421,4.05488,-2.74390
902,9020,-0.38629,-0.03558,0.93073,-1.40244,5.00000,-2.62195
903,9030,-0.38757,-0.03491,0.93005,-0.73171,5.82317,-2.50762
904,9040,-0.38910,-0.03668,0.92975,-0.29726,6.50152,-2.54573
905,9051,-0.39062,-0.03442,0.92688,0.03049,7.33994,-2.41616
906,9060,-0.39130,-0.03412,0.92523,0.06098,8.10213,-2.30183
907,9070,-0.38696,-0.03180,0.92444,0.03049,8.74238,-2.14177
908,9080,-0.38580,-0.02802,0.92749,0.12957,9.69512,-2.08841
909,9091,-0.39240,-0.03027,0.92694,0.41159,11.02134,-2.37043
910,9100,-0.39252,-0.03333,0.92542,0.68598,12.09604,-2.43902
911,9110,-0.38959,-0.03497,0.92865,0.86128,13.35366,-2.31707
912,9120,-0.39160,-0.03809,0.92596,0.90701,15.12957,-2.01982
913,9131,-0.40381,-0.04071,0.92487,1.17378,16.88262,-1.76067
914,9140,-0.39557,-0.04260,0.92413,1.94360,18.04878,-1.23476
915,9150,-0.39429,-0.04083,0.92114,2.63720,20.20579,-0.75457
916,9160,-0.38593,-0.04254,0.92303,3.72713,22.85823,-0.45732
917,9171,-0.38617,-0.03461,0.91937,4.87043,27.38567,0.16006
918,9180,-0.40979,-0.03259,0.91022,5.48780,31.33384,0.63262
919,9190,-0.40900,-0.03668,0.91193,5.83079,32.97256,1.03659
920,9200,-0.42432,-0.02899,0.90448,6.58537,35.22104,1.60061
921,9211,-0.42969,-0.02411,0.90143,6.95884,37.10366,2.08079
922,9220,-0.43176,-0.02368,0.89587,7.45427,38.93293,2.35518
923,9230,-0.44135,-0.02100,0.89264,7.94970,40.57165,2.43902
924,9240,-0.44897,-0.01941,0.88647,7.94970,41.87500,2.38567
925,9250,-0.45996,-0.01569,0.87878,7.97256,43.14787,2.30945
926,9261,-0.46271,-0.01819,0.87622,8.07927,43.99390,2.14939
927,9270,-0.46423,-0.01434,0.87292,8.26982,44.90092,2.25610
928,9280,-0.47510,-0.01434,0.87274,8.63567,45.99086,2.31707
929,9290,-0.47070,-0.00977,0.86890,8.84146,47.63720,2.21799
930,9301,-0.47711,-0.00739,0.86670,9.69512,49.64939,1.78354
931,9310,-0.48279,-0.00818,0.86285,10.40396,51.99695,1.33384
932,9320,-0.48682,-0.00696,0.86426,10.78506,54.96189,1.06707
933,9330,-0.48767,-0.00311,0.86237,11.27287,58.66616,0.94512
934,9341,-0.49432,-0.00122,0.85779,12.17226,63.13262,0.49543
935,9350,-0.50616,-0.00702,0.85333,13.09451,68.02592,0.21341
936,9360,-0.51733,-0.02429,0.85181,14.16921,73.23171,0.46494
937,9370,-0.53314,-0.03748,0.84393,14.85518,78.46799,1.50152
938,9381,-0.54456,-0.03156,0.83698,15.57927,84.16921,3.42226
939,9390,-0.54407,-0.01068,0.83136,16.21951,90.42683,4.84756
940,9400,-0.54346,0.01221,0.82654,16.60061,97.37805,4.50457
941,9410,-0.54169,0.02802,0.82855,16.66158,105.77744,2.70579
942,9421,-0.54541,0.04498,0.82495,16.60823,115.93750,-0.11433
943,9430,-0.55365,0.05658,0.82617,15.98323,127.27135,-3.80335
944,9440,-0.55627,0.04950,0.82281,14.16159,140.89940,-8.14787
945,9450,-0.54974,0.04309,0.83301,11.33384,159.30641,-12.59146
946,9461,-0.52875,0.06073,0.83820,7.29421,182.79726,-18.90244
947,9470,-0.53613,0.09503,0.84009,3.62043,211.05183,-28.95579
948,9480,-0.60803,0.11115,0.83099,2.40091,241.50153,-39.75610
949,9490,-0.69476,0.09412,0.83954,3.67378,249.74847,-47.62195
950,9500,-0.91089,0.06940,0.86902,6.92835,249.71037,-51.54726
951,9511,-1.34149,0.06824,1.00403,12.99543,249.51982,-48.94055
952,9520,-1.75275,0.02759,1.18958,26.90549,249.74847,-37.40092
953,9530,-1.66956,0.02795,1.12256,49.70274,249.74847,-24.27592
954,9540,-1.45624,0.02942,1.05981,76.14330,249.74847,-11.52439
955,9551,-1.35535,0.13373,1.06250,100.87653,249.74847,-2.42378
956,9560,-1.52734,0.19403,1.38153,111.25762,249.74847,-2.43902
957,9570,-1.74982,0.26385,1.32843,109.76373,249.74847,-18.51372
958,9580,-1.44702,0.28467,0.82257,97.59909,249.63416,-42.58384
959,9591,-1.18488,0.29254,1.34674,82.99543,240.09148,-65.04573
960,9600,-0.71167,0.35016,1.65845,73.20122,206.82927,-79.12347
961,9610,-0.28168,0.36346,1.37921,57.27896,176.34909,-95.27439
962,9620,-0.39276,0.01593,1.08008,46.32622,148.90244,-111.05946
963,9631,-1.55072,0.18561,1.75909,49.42073,99.00915,-122.55336
964,9640,-1.20605,0.33728,1.99994,67.69055,-13.04878,-108.93293
965,9650,-0.41559,0.47272,1.47693,65.81555,-107.59147,-91.63110
966,9660,0.02264,0.52570,0.84637,40.68598,-143.48323,-81.02135
967,9671,0.16766,0.46649,0.58191,8.57470,-148.03354,-74.93903
968,9680,0.25940,0.43707,0.43445,-26.90549,-139.80183,-68.56708
969,9690,0.23730,0.35620,0.42194,-54.40549,-126.12805,-57.22561
970,9700,0.05615,0.24207,0.55896,-64.64177,-118.63567,-38.46799
971,9711,-0.13861,0.21606,0.73187,-58.50610,-125.80031,-13.43750
972,9720,-0.26691,0.26788,0.83783,-48.04878,-146.15854,12.57622
973,9730,-0.33337,0.34406,0.84167,-45.06860,-172.51524,34.41311
974,9740,-0.33148,0.36859,0.77307,-53.62043,-196.57774,50.45732
975,9750,-0.33099,0.31445,0.67871,-67.29421,-213.13263,61.81403
976,9761,-0.38873,0.21448,0.63422,-76.54726,-222.85062,70.74696
977,9770,-0.44757,0.12360,0.62817,-76.15092,-230.04573,78.53659
978,9780,-0.52136,0.05432,0.66400,-67.28659,-235.12196,84.99238
979,9790,-0.60779,0.01733,0.71167,-55.26677,-240.32774,88.18597
980,9801,-0.68140,0.00043,0.75122,-44.09299,-245.67073,86.49390
981,9810,-0.74170,-0.00793,0.80225,-36.25000,-249.63416,80.51830
982,9820,-0.80872,-0.02155,0.85248,-30.92988,-249.75610,71.60061
983,9830,-0.88782,-0.03461,0.89801,-26.00610,-249.70274,60.56403
984,9841,-0.93390,-0.01898,0.91418,-20.55640,-249.74847,48.09451
985,9850,-0.94720,0.03265,0.91931,-15.03811,-249.75610,35.55640
986,9860,-0.97290,0.11615,0.93866,-10.16006,-249.75610,25.66311
987,9870,-0.97290,0.11615,0.93866,-10.16006,-249.75610,25.66311
988,9881,-1.09253,0.31439,1.06079,-2.38567,-249.75610,17.58384
989,9890,-1.18945,0.39124,1.14410,1.34146,-249.75610,19.71799
990,9900,-1.18945,0.39124,1.14410,1.34146,-249.75610,19.71799
991,9910,-1.31915,0.47729,1.21777,6.96646,-249.75610,26.39482
992,9921,-1.66052,0.72198,1.21313,15.01524,-249.75610,54.20732
993,9930,-1.66052,0.72198,1.21313,15.01524,-249.75610,54.20732
994,9940,-1.85803,0.76727,1.09863,15.60213,-249.75610,76.81403
995,9950,-2.00000,0.72296,0.95831,18.58994,-249.75610,105.08385
996,9961,-2.00000,0.55212,0.80518,27.13415,-249.75610,135.64024
997,9970,-1.99786,0.31708,0.62408,40.99848,-249.35976,165.15245
998,9980,-1.99976,0.09314,0.42670,55.36586,-239.84756,189.88568
999,9990,-2.00000,-0.05743,0.20801,60.73171,-219.61128,207.49239
1000,10000,-1.99994,-0.23566,-0.02875,50.44207,-194.40549,213.76524
1001,10011,-2.00000,-0.36707,-0.24121,26.95122,-166.70732,198.73476
1002,10020,-2.00000,-0.50677,-0.44208,-4.42073,-134.42073,163.10976
1003,10030,-2.00000,-0.75616,-0.64703,-27.90396,-103.79573,115.07623
1004,10040,-2.00000,-0.92792,-0.89545,-24.83232,-84.18446,61.00610
1005,10051,-2.00000,-0.98230,-1.02478,6.76829,-60.93750,12.53811
1006,10060,-1.85626,-0.73993,-0.97809,45.53354,-25.91463,-21.60061
1007,10070,-1.00690,0.93506,-1.07343,17.26372,45.31250,-44.42073
1008,10080,-0.29626,-0.08167,-0.01147,-159.26830,141.10518,-56.73780
1009,10091,-0.31012,-1.30377,1.78149,-134.35214,156.54726,-33.84146
1010,10100,-0.17377,0.03284,1.98590,-23.75762,112.08842,33.78811
1011,10110,0.03217,-0.40448,0.50720,-28.69665,83.49085,34.24543
1012,10120,0.23749,-1.16901,0.06854,-37.66006,133.50610,-8.30031
1013,10131,-0.55176,-0.99603,1.11731,-8.88720,197.67531,-24.02439
1014,10140,-1.59845,-0.33496,1.99994,15.20579,192.26372,-29.24543
1015,10150,-1.66852,0.27582,1.99536,-10.20579,137.96494,-48.20884
1016,10160,-1.30774,1.51727,1.53320,-53.78049,79.80946,-50.16006
1017,10171,-0.63068,0.71741,0.94775,-61.77592,53.90244,-20.60976
1018,10180,-0.78845,-1.19159,1.58307,-42.35518,43.38415,-4.73323
1019,10190,-0.46997,-0.24023,1.01849,-24.64177,12.66768,-10.22866
1020,10200,-0.36615,0.64758,0.88245,-22.04268,9.62652,-8.40701
1021,10211,-0.45441,-0.31757,1.02875,-13.54421,11.82927,-1.66159
1022,10220,-0.42078,0.02789,0.95605,-14.90092,7.88110,-5.54116
1023,10230,-0.37714,0.09674,0.92993,-11.73018,5.92988,-4.16921
1024,10240,-0.42029,-0.10724,0.97614,-9.11585,4.63415,-2.83537
1025,10250,-0.40369,-0.01642,0.95612,-8.24695,2.37805,-2.25610
1026,10261,-0.39117,-0.06012,0.95215,-6.05183,1.79878,-0.77744
1027,10270,-0.38837,-0.03198,0.94727,-5.07622,1.74543,-0.28963
1028,10280,-0.38184,-0.03125,0.93939,-4.10823,1.97409,-0.20579
1029,10290,-0.37775,-0.02417,0.93280,-3.61280,2.40091,-0.38110
1030,10301,-0.38055,-0.02051,0.93536,-3.36128,2.83537,-0.64024
1031,10310,-0.39050,-0.03076,0.93475,-3.09451,2.88872,-0.85366
1032,10320,-0.38763,-0.03503,0.93695,-2.66768,2.70579,-0.69360
1033,10330,-0.37921,-0.03125,0.93372,-2.30945,2.88872,-0.39634
1034,10341,-0.37347,-0.03345,0.93127,-1.85213,3.56707,-0.27439
1035,10350,-0.37390,-0.03125,0.92920,-1.44055,4.61128,-0.28201
1036,10360,-0.37628,-0.03278,0.93066,-1.21189,5.73933,-0.39634
