participant,test,side,imu_sensor,toe_marker,toe_x_cm,toe_z_cm,toe_offset_m,phase_objective,gate_s,det,gt,matched,precision_pct,recall_pct,fp,fn,tc_bias_ms,tc_rmse_ms,ic_bias_ms,ic_rmse_ms,mtc_bias_mm,mtc_rmse_mm,mtc_n,mtc_imu_mean_mm,mtc_mocap_mean_mm,mtc_avg_diff_mm,mtc_mean_abs_diff_mm
4d91,normal_10,left,l_instep,l_toe,4.0,-4.263256414560601e-14,"[0.04, 0.0, -4.263256414560601e-16]","{'clearance_point': 'virtual_toe', 'metric': 'MTC', 'swing_definition': 'TC_to_IC', 'ground_definition': 'stance_median_toe_z'}",0.15,26,23,22,84.61538461538461,95.65217391304348,4,1,0.0,3.291991515933799,-1.7755681818181819,6.417272858132528,1.5298208585384574,3.7196017772712167,22,-14.317,-15.847,1.5299999999999998,3.052
5047,normal_10,left,l_instep,l_toe,8.5,-1.8000000000000362,"[0.085, 0.0, -0.018000000000000363]","{'clearance_point': 'virtual_toe', 'metric': 'MTC', 'swing_definition': 'TC_to_IC', 'ground_definition': 'stance_median_toe_z'}",0.15,31,23,23,74.19354838709677,100.0,8,0,-0.6368885869565217,3.6709443923638294,2.1229619565217392,23.35065147656688,9.358882896609227,12.922375810077414,23,-8.629,-17.987,9.359,11.960999999999999
5237,normal_10,left,l_instep,l_toe,4.0,-4.263256414560601e-14,"[0.04, 0.0, -4.263256414560601e-16]","{'clearance_point': 'virtual_toe', 'metric': 'MTC', 'swing_definition': 'TC_to_IC', 'ground_definition': 'stance_median_toe_z'}",0.15,36,31,31,86.11111111111111,100.0,5,0,1.8901209677419355,9.281073502177568,4.8828125,7.389556518233304,4.371935859041813,5.790000570078218,31,-13.752,-18.124000000000002,4.372,4.995
54a9,normal_10,left,l_instep,l_toe,4.0,-0.2000000000000419,"[0.04, 0.0, -0.002000000000000419]","{'clearance_point': 'virtual_toe', 'metric': 'MTC', 'swing_definition': 'TC_to_IC', 'ground_definition': 'stance_median_toe_z'}",0.15,27,25,25,92.5925925925926,100.0,2,0,-3.3203125,7.109482313750506,2.734375,22.31183527108567,-3.5074486434725194,10.42153384624492,25,-17.235,-13.728,-3.507,7.136
6dbe_2,normal_10,left,l_instep,l_toe,4.0,-1.000000000000039,"[0.04, 0.0, -0.01000000000000039]","{'clearance_point': 'virtual_toe', 'metric': 'MTC', 'swing_definition': 'TC_to_IC', 'ground_definition': 'stance_median_toe_z'}",0.15,29,22,22,75.86206896551724,100.0,7,0,-3.1072443181818183,6.905339660024878,19.753196022727273,20.898313043915735,3.068935289321203,5.225223124924515,22,-3.529,-6.598,3.069,4.254
6e2e,normal_10,left,l_instep,l_toe,7.0,-0.4000000000000412,"[0.07, 0.0, -0.004000000000000412]","{'clearance_point': 'virtual_toe', 'metric': 'MTC', 'swing_definition': 'TC_to_IC', 'ground_definition': 'stance_median_toe_z'}",0.15,37,27,27,72.97297297297297,100.0,10,0,-3.6168981481481484,5.315732948748217,0.5425347222222222,7.458619295175521,6.323846943155991,10.580583602438717,27,-17.631,-23.955000000000002,6.324,9.332999999999998
80b8,normal_10,left,l_instep,l_toe,4.0,-4.263256414560601e-14,"[0.04, 0.0, -4.263256414560601e-16]","{'clearance_point': 'virtual_toe', 'metric': 'MTC', 'swing_definition': 'TC_to_IC', 'ground_definition': 'stance_median_toe_z'}",0.15,32,18,18,56.25,100.0,14,0,-2.44140625,5.016612958145326,7.866753472222222,9.56000986691954,-0.8758082517359483,3.3539989935898697,18,-14.466,-13.59,-0.876,2.777
8873,normal_10,left,l_instep,l_toe,6.0,-4.263256414560601e-14,"[0.06, 0.0, -4.263256414560601e-16]","{'clearance_point': 'virtual_toe', 'metric': 'MTC', 'swing_definition': 'TC_to_IC', 'ground_definition': 'stance_median_toe_z'}",0.15,49,34,34,69.38775510204081,100.0,15,0,-4.739200367647059,5.617419351909452,15.079273897058824,15.99841732724451,6.308056101203325,7.095559658306487,34,-12.523,-18.831,6.308,6.523000000000001
8d60,normal_10,left,l_instep,l_toe,4.0,-4.263256414560601e-14,"[0.04, 0.0, -4.263256414560601e-16]","{'clearance_point': 'virtual_toe', 'metric': 'MTC', 'swing_definition': 'TC_to_IC', 'ground_definition': 'stance_median_toe_z'}",0.15,32,26,26,81.25,100.0,6,0,-2.8170072115384617,10.620279083232191,-7.8876201923076925,33.50225829473822,2.44573854684909,4.275961081520535,26,-11.469,-13.914,2.4459999999999997,3.5
9b4b,normal_10,left,l_instep,l_toe,4.0,-0.4000000000000412,"[0.04, 0.0, -0.004000000000000412]","{'clearance_point': 'virtual_toe', 'metric': 'MTC', 'swing_definition': 'TC_to_IC', 'ground_definition': 'stance_median_toe_z'}",0.15,33,25,25,75.75757575757575,100.0,8,0,-2.34375,4.580484140452568,-4.296875,6.328848338288926,0.6656869821715589,3.4990250740561533,25,-14.477,-15.143,0.666,2.985
c9bb,normal_10,left,l_instep,l_toe,6.0,-1.2000000000000384,"[0.06, 0.0, -0.012000000000000384]","{'clearance_point': 'virtual_toe', 'metric': 'MTC', 'swing_definition': 'TC_to_IC', 'ground_definition': 'stance_median_toe_z'}",0.15,30,25,25,83.33333333333334,100.0,5,0,-1.7578125,4.026470337517247,-5.2734375,11.005300458578755,0.819097520747083,7.986956465192126,25,-16.01,-16.829,0.819,7.236000000000001
cb3d,normal_10,left,l_instep,l_toe,4.0,-4.263256414560601e-14,"[0.04, 0.0, -4.263256414560601e-16]","{'clearance_point': 'virtual_toe', 'metric': 'MTC', 'swing_definition': 'TC_to_IC', 'ground_definition': 'stance_median_toe_z'}",0.15,34,28,28,82.35294117647058,100.0,6,0,-0.8719308035714286,4.228639666916204,5.580357142857143,13.498885658735789,4.102079184466308,5.716318276439847,28,-8.385,-12.487,4.101999999999999,4.792
cdfc,normal_10,left,l_instep,l_toe,4.0,-0.2000000000000419,"[0.04, 0.0, -0.002000000000000419]","{'clearance_point': 'virtual_toe', 'metric': 'MTC', 'swing_definition': 'TC_to_IC', 'ground_definition': 'stance_median_toe_z'}",0.15,29,22,22,75.86206896551724,100.0,7,0,-6.880326704545454,8.521108762629824,1.3316761363636365,9.311158098101487,2.2901644796949867,5.303041046892436,22,-10.297,-12.587,2.29,4.316999999999999
e54d,normal_10,left,l_instep,l_toe,6.5,-0.4000000000000412,"[0.065, 0.0, -0.004000000000000412]","{'clearance_point': 'virtual_toe', 'metric': 'MTC', 'swing_definition': 'TC_to_IC', 'ground_definition': 'stance_median_toe_z'}",0.15,33,21,21,63.63636363636363,100.0,12,0,-2.5576636904761907,6.654151795598114,9.068080357142858,10.494125833702341,6.803762507423784,7.442544664058403,21,-11.259,-18.063,6.804,6.804
