participant,test,side,det,gt,matched,precision_pct,recall_pct,tc_rmse_ms,ic_rmse_ms,mtc_bias_mm,mtc_rmse_mm,mtc_mean_abs_diff_mm,mtc_n
6dbe_2,normal_10,left,29,22,22,75.86206896551724,100.0,60.94186762738639,85.75622102488603,-2.98715440042828,11.026416913735089,8.395,22
9b4b,normal_10,left,34,25,25,73.52941176470588,100.0,70.71823043059247,63.80623524968607,-2.621693940889237,10.666837097183622,6.957,25
4d91,normal_10,left,29,23,23,79.3103448275862,100.0,16.194456984157227,48.54067905411025,6.22260706950325,8.744112651900856,8.183,23
e54d,normal_10,left,24,21,17,70.83333333333334,80.95238095238095,137.32774521899643,32.98955426323812,7.311604191783134,8.365855897091263,7.447,17
80b8,normal_10,left,33,18,18,54.54545454545454,100.0,56.01654586377937,99.80943323884917,-1.5714422987329302,8.361500404250155,5.064,18
5237,normal_10,left,35,31,31,88.57142857142857,100.0,64.24731735426494,50.126082899566455,-0.1693032798129578,7.897898788952116,6.061000000000001,31
cb3d,normal_10,left,30,28,28,93.33333333333331,100.0,110.20377543645463,57.14440513966388,1.348106835988433,7.2736250034322,5.011,28
5047,normal_10,left,31,23,23,74.19354838709677,100.0,148.1065355744357,64.32819950215348,1.0903141721459129,5.120157249394042,3.929,23
cdfc,normal_10,left,30,22,22,73.33333333333333,100.0,85.00735490771102,24.78849938164012,0.3989692633045132,4.813803626438888,3.868,22
54a9,normal_10,left,24,25,20,83.33333333333334,80.0,79.85302059453537,98.33746777479767,1.0569091916491549,4.569523021283168,3.549,20
8d60,normal_10,left,33,26,25,75.75757575757575,96.15384615384616,75.42957623956062,46.84447248129475,1.8844502403025445,4.12008599338936,3.45,25
c9bb,normal_10,left,29,25,24,82.75862068965517,96.0,88.54376098549452,52.26738516709444,2.6126437802010054,3.977269145176299,3.5,24
8873,normal_10,left,35,34,21,60.0,61.76470588235294,87.26187762062564,53.24387700172005,1.8904729659323831,3.703629438524719,3.084,21
6e2e,normal_10,left,34,27,26,76.47058823529412,96.29629629629628,53.91542150413971,32.445488533645154,0.5473713481952416,3.1890280249456944,2.4,26
