s_id,tc,ic,start,end,ground_z,mtc_imu_m,ground_sigma_hat_m,ground_std_m,ground_iqr_m,det_stride_id,mid_err_samples,tc_gt,ic_gt,tc_err_samples,ic_err_samples,mtc_mocap_m,err_m,abs_err_m
3,2792,2866,2792,3000,0.0,-0.0996524040683052,1.4826e-12,0.0,0.0,8,-1,2793,2867,-1,-1,-0.0984724760055542,-0.0011799280627509956,0.0011799280627509956
11,5537,5607,5537,5738,0.0,-0.08562812730115504,1.4826e-12,0.0,0.0,23,-1,5537,5609,0,-2,-0.08698394894599915,0.0013558216448441018,0.0013558216448441018
4,3000,3072,3000,3209,0.0,-0.0968470179580417,1.4826e-12,0.0,0.0,9,-2,3002,3074,-2,-2,-0.0955856442451477,-0.00126137371289399,0.00126137371289399
7,4016,4089,4016,4225,0.0,-0.07086245397550797,1.4826e-12,0.0,0.0,14,-2,4016,4092,0,-3,-0.0736319050192833,0.002769451043775323,0.002769451043775323
8,4225,4300,4225,4433,0.0,-0.09825385085844124,1.4826e-12,0.0,0.0,15,-2,4227,4302,-2,-2,-0.0945209413766861,-0.0037329094817551423,0.0037329094817551423
9,4433,4507,4433,4642,0.0,-0.09607760616682388,1.4826e-12,0.0,0.0,16,-2,4436,4509,-3,-2,-0.09166328608989716,-0.004414320076926728,0.004414320076926728
10,4642,4718,4642,4858,0.0,-0.09061731727775515,1.4826e-12,0.0,0.0,17,-2,4644,4720,-2,-2,-0.08858021348714828,-0.00203710379060687,0.00203710379060687
12,5738,5812,5738,5943,0.0,-0.09593745608436724,1.4826e-12,0.0,0.0,24,-2,5740,5814,-2,-2,-0.09480219334363937,-0.001135262740727866,0.001135262740727866
15,6354,6426,6354,6558,0.0,-0.10253837450563184,1.4826e-12,0.0,0.0,27,-2,6357,6428,-3,-2,-0.08392370492219925,-0.018614669583432594,0.018614669583432594
0,1290,1363,1290,1503,0.0,-0.08133363679618343,1.4826e-12,0.0,0.0,1,-3,1292,1366,-2,-3,-0.07836593687534332,-0.002967699920840103,0.002967699920840103
1,1503,1576,1503,1711,0.0,-0.09201184751659783,1.4826e-12,0.0,0.0,2,-3,1505,1579,-2,-3,-0.08667724579572678,-0.005334601720871052,0.005334601720871052
2,1711,1784,1711,1914,0.0,-0.09873402244387205,1.4826e-12,0.0,0.0,3,-3,1712,1788,-1,-4,-0.0955624133348465,-0.0031716091090255583,0.0031716091090255583
5,3209,3282,3209,3421,0.0,-0.08929829274686887,1.4826e-12,0.0,0.0,10,-3,3211,3285,-2,-3,-0.0884859561920166,-0.0008123365548522721,0.0008123365548522721
13,5943,6018,5943,6149,0.0,-0.10120172712514881,1.4826e-12,0.0,0.0,25,-3,5945,6021,-2,-3,-0.09595952928066254,-0.005242197844486277,0.005242197844486277
6,3421,3494,3421,3640,0.0,-0.09461042893446499,1.4826e-12,0.0,0.0,11,-4,3424,3498,-3,-4,-0.09087395668029785,-0.0037364722541671364,0.0037364722541671364
14,6149,6222,6149,6354,0.0,-0.09772087323281464,1.4826e-12,0.0,0.0,26,-4,6152,6226,-3,-4,-0.09460695087909698,-0.0031139223537176575,0.0031139223537176575
