participant,test,side,toe_x_cm,toe_z_cm,bias_mm,rmse_mm
4d91,normal_10,left,4.0,-4.263256414560601e-14,0.4536373674695202,4.730659951526987
5047,normal_10,left,8.5,-1.8000000000000362,0.0834087247892405,4.5442820207036165
5237,normal_10,left,4.0,-4.263256414560601e-14,-0.1141993959815937,7.8463152037855295
54a9,normal_10,left,4.0,-0.20000000000004192,0.24649701143958858,4.805009833412246
6dbe_2,normal_10,left,4.0,-1.000000000000039,-2.9871544004282797,11.026416913735089
6e2e,normal_10,left,7.0,-0.4000000000000412,0.22268651544202184,3.1035947387990594
80b8,normal_10,left,4.0,-4.263256414560601e-14,-3.1126440401576807,8.317699936115604
8873,normal_10,left,6.0,-4.263256414560601e-14,0.4897768275973607,3.1616328298726937
8d60,normal_10,left,4.0,-4.263256414560601e-14,-0.2174728948907329,3.946599256204589
9b4b,normal_10,left,4.0,-0.4000000000000412,-4.130334154469273,10.595955104266105
c9bb,normal_10,left,6.0,-1.2000000000000384,0.19869014018444411,3.0766519555860805
cb3d,normal_10,left,4.0,-4.263256414560601e-14,-1.073578944191706,6.887794847975951
cdfc,normal_10,left,4.0,-0.20000000000004192,-0.861672013668993,4.504750582970902
e54d,normal_10,left,6.5,-0.4000000000000412,0.7621102877985477,4.148397352118336
